repo|https://api.github.com/repos/JacktheGeat/AbstractDataType-Sequence
repo|https://api.github.com/repos/JacktheGeat/Backrooms
repo|https://api.github.com/repos/JacktheGeat/Bee_Keeper
repo|https://api.github.com/repos/JacktheGeat/Better-MC-Enchants
repo|https://api.github.com/repos/JacktheGeat/Biome_detection
repo|https://api.github.com/repos/JacktheGeat/Corruption
repo|https://api.github.com/repos/JacktheGeat/jackthegeat.github.io
repo|https://api.github.com/repos/JacktheGeat/LinkedList
repo|https://api.github.com/repos/JacktheGeat/Mystanic
repo|https://api.github.com/repos/JacktheGeat/scraper
repo|https://api.github.com/repos/JacktheGeat/Server_Datapack
repo|https://api.github.com/repos/JacktheGeat/Sticks-AI
user|https://api.github.com/users/kuashio
repo|https://api.github.com/repos/smoser-LiL/ai-algorithms-for-game-design-with-python-3933112
repo|https://api.github.com/repos/smoser-LiL/aspnetcore
repo|https://api.github.com/repos/smoser-LiL/copy-to-branches-sjm
repo|https://api.github.com/repos/smoser-LiL/css-enhancing-interfaces-with-animation-2863048
repo|https://api.github.com/repos/smoser-LiL/jdk
repo|https://api.github.com/repos/smoser-LiL/prometheus-dep-testing
repo|https://api.github.com/repos/smoser-LiL/SJM-developing-unicode-aware-applications-in-go-5970071
repo|https://api.github.com/repos/smoser-LiL/xunit
repo|https://api.github.com/repos/svodnik/ajaxproxy
repo|https://api.github.com/repos/svodnik/docs
repo|https://api.github.com/repos/svodnik/FEWD-52
repo|https://api.github.com/repos/svodnik/FEWD-SF-64
repo|https://api.github.com/repos/svodnik/fewd54
repo|https://api.github.com/repos/svodnik/fewd64
repo|https://api.github.com/repos/svodnik/FEWD_reading
repo|https://api.github.com/repos/svodnik/gafewd
repo|https://api.github.com/repos/svodnik/gafewd-portal
repo|https://api.github.com/repos/svodnik/gajsd
repo|https://api.github.com/repos/svodnik/hubot
repo|https://api.github.com/repos/svodnik/JS-SF-10-homework
repo|https://api.github.com/repos/svodnik/JS-SF-10-resources
repo|https://api.github.com/repos/svodnik/JS-SF-11-resources
repo|https://api.github.com/repos/svodnik/JS-SF-12-resources
repo|https://api.github.com/repos/svodnik/JS-SF-13-resources
repo|https://api.github.com/repos/svodnik/JS-SF-14-resources
repo|https://api.github.com/repos/svodnik/JS-SF-15-resources
repo|https://api.github.com/repos/svodnik/JS-SF-16-resources
repo|https://api.github.com/repos/svodnik/JS-SF-7-homework
repo|https://api.github.com/repos/svodnik/JS-SF-7-resources
repo|https://api.github.com/repos/svodnik/JS-SF-8-homework
repo|https://api.github.com/repos/svodnik/JS-SF-8-resources
repo|https://api.github.com/repos/svodnik/JS-SF-9-homework
repo|https://api.github.com/repos/svodnik/JS-SF-9-resources
repo|https://api.github.com/repos/svodnik/JS-Unit-2-Project-Starter-Code
repo|https://api.github.com/repos/svodnik/jsd10
repo|https://api.github.com/repos/svodnik/JSD12
repo|https://api.github.com/repos/svodnik/JSD13
repo|https://api.github.com/repos/svodnik/JSD14
repo|https://api.github.com/repos/svodnik/JSD15
repo|https://api.github.com/repos/svodnik/JSD16
repo|https://api.github.com/repos/svodnik/jsd3-homework
repo|https://api.github.com/repos/svodnik/jsd6-homework
repo|https://api.github.com/repos/svodnik/jsd8
repo|https://api.github.com/repos/svodnik/jsd9
repo|https://api.github.com/repos/svodnik/learning-java-2825378
repo|https://api.github.com/repos/svodnik/node-js-sample
repo|https://api.github.com/repos/svodnik/react-workshop
repo|https://api.github.com/repos/svodnik/sfjs5
repo|https://api.github.com/repos/svodnik/sfjs6
repo|https://api.github.com/repos/svodnik/snackbot
repo|https://api.github.com/repos/svodnik/svodnik.github.io
repo|https://api.github.com/repos/svodnik/testbot
repo|https://api.github.com/repos/svodnik/working-plusplus
user|https://api.github.com/users/tdmalone
repo|https://api.github.com/repos/docusign/code-examples-clm-apex
repo|https://api.github.com/repos/docusign/postman-collections
repo|https://api.github.com/repos/Stwissel/lwcaura
repo|https://api.github.com/repos/trailheadapps/ebikes-lwc
repo|https://api.github.com/repos/trailheadapps/lwc-recipes
repo|https://api.github.com/repos/MonitorControl/MonitorControl
repo|https://api.github.com/repos/villadora/express-http-proxy
repo|https://api.github.com/repos/chimurai/http-proxy-middleware
repo|https://api.github.com/repos/Rob--W/cors-anywhere
repo|https://api.github.com/repos/heroku/node-js-sample
repo|https://api.github.com/repos/tdmalone/working-plusplus
repo|https://api.github.com/repos/latentflip/loupe
repo|https://api.github.com/repos/WICG/cq-usecases
repo|https://api.github.com/repos/thedaviddias/Front-End-Checklist
repo|https://api.github.com/repos/kaypeter87/API-Key-Backend
repo|https://api.github.com/repos/NamitaMalik/2-way-data-binding-in-Plain-Vanilla-JavaScript
repo|https://api.github.com/repos/stickfigure/blog
repo|https://api.github.com/repos/freeCodeCamp/freeCodeCamp
repo|https://api.github.com/repos/cheshireoctopus/gafewd
repo|https://api.github.com/repos/workshopper/learnyounode
repo|https://api.github.com/repos/verekia/js-stack-from-scratch
repo|https://api.github.com/repos/jesstelford/react-workshop
repo|https://api.github.com/repos/microsoft/vscode
repo|https://api.github.com/repos/adobe/brackets
repo|https://api.github.com/repos/facebook/react
repo|https://api.github.com/repos/twbs/bootstrap
repo|https://api.github.com/repos/openlayers/openlayers
repo|https://api.github.com/repos/Borgaard/jsd3-homework
repo|https://api.github.com/repos/Borgaard/jsd3-solution-files
repo|https://api.github.com/repos/Borgaard/jsd5-homework
repo|https://api.github.com/repos/cheshireoctopus/gafewd-portal
repo|https://api.github.com/repos/Borgaard/JS-SF-8-homework
repo|https://api.github.com/repos/LinkedInLearning/eslint-workflow-2254050
repo|https://api.github.com/repos/LinkedInLearning/eslint-styles-2255010
repo|https://api.github.com/repos/LinkedInLearning/eslint-syntax-2255011
repo|https://api.github.com/repos/docusign/DSU
repo|https://api.github.com/repos/LinkedInLearning/json-essential-training-2887317
repo|https://api.github.com/repos/LinkedInLearning/programming-foundations-sdks-4359496
user|https://api.github.com/users/mor10
user|https://api.github.com/users/davidgassner
user|https://api.github.com/users/sharongao
repo|https://api.github.com/repos/LinkedIn-Learning-A1/css-enhancing-interfaces-with-animation-2863048
user|https://api.github.com/users/scottsimpson
user|https://api.github.com/users/yangcebj
user|https://api.github.com/users/githubelliottharry
user|https://api.github.com/users/kishoreuppala
user|https://api.github.com/users/sharmaguides
user|https://api.github.com/users/jenansaadatmand
user|https://api.github.com/users/bobvanluijt
user|https://api.github.com/users/rockyrooster
user|https://api.github.com/users/jerin-mx
user|https://api.github.com/users/msaipraneeth2001
user|https://api.github.com/users/mailmahee
user|https://api.github.com/users/ravidsinghbiz
user|https://api.github.com/users/RahulBisht001
user|https://api.github.com/users/maliyusuf
user|https://api.github.com/users/AngusMaiden
user|https://api.github.com/users/rfprod
user|https://api.github.com/users/SrfFshn
user|https://api.github.com/users/VinodAnbalagan
user|https://api.github.com/users/abms26
user|https://api.github.com/users/shawnstarbird-powerschool
user|https://api.github.com/users/Abishethvarman
user|https://api.github.com/users/vix95
user|https://api.github.com/users/irafayabdul
user|https://api.github.com/users/adventcavalier
user|https://api.github.com/users/BABJI-AWS-TRAINER
user|https://api.github.com/users/kingman11111
user|https://api.github.com/users/kuafou
repo|https://api.github.com/repos/zainhas/ACEBench
repo|https://api.github.com/repos/zainhas/ai_on_threads
repo|https://api.github.com/repos/zainhas/ann-benchmarks
repo|https://api.github.com/repos/zainhas/babyagi
repo|https://api.github.com/repos/zainhas/Best-README-Template
repo|https://api.github.com/repos/zainhas/ClassicalML
repo|https://api.github.com/repos/zainhas/codingstuffs
repo|https://api.github.com/repos/zainhas/cookbooks
repo|https://api.github.com/repos/zainhas/Fall2022class
repo|https://api.github.com/repos/zainhas/Flask-Backend-V1.0
repo|https://api.github.com/repos/zainhas/IntrotoNeuralNets
repo|https://api.github.com/repos/zainhas/llama-recipes
repo|https://api.github.com/repos/zainhas/LLM-GenAI-Transformers-Notebooks
repo|https://api.github.com/repos/zainhas/LoRA
repo|https://api.github.com/repos/zainhas/NNdistillation
repo|https://api.github.com/repos/zainhas/openapi
repo|https://api.github.com/repos/zainhas/ref2vec-ecommerce-demo
repo|https://api.github.com/repos/zainhas/semantic-kernel
repo|https://api.github.com/repos/zainhas/SideProjects
repo|https://api.github.com/repos/zainhas/spark-connector
repo|https://api.github.com/repos/zainhas/system-prompts-and-models-of-ai-tools
repo|https://api.github.com/repos/zainhas/together-cookbook
repo|https://api.github.com/repos/zainhas/together-python
repo|https://api.github.com/repos/zainhas/vllm
repo|https://api.github.com/repos/zainhas/weaviate-io
repo|https://api.github.com/repos/zainhas/weaviate-memory-adapter
repo|https://api.github.com/repos/zainhas/weaviatedemo
repo|https://api.github.com/repos/zainhas/WeaviateWaldo
repo|https://api.github.com/repos/zainhas/zainhas
repo|https://api.github.com/repos/zainhas/zainhas.github.io
user|https://api.github.com/users/lucidrains
user|https://api.github.com/users/karpathy
user|https://api.github.com/users/hkproj
user|https://api.github.com/users/jalammar
user|https://api.github.com/users/kimiyoung
user|https://api.github.com/users/Newmu
user|https://api.github.com/users/etiennedi
user|https://api.github.com/users/elhamdolatabadi
user|https://api.github.com/users/weaviate
user|https://api.github.com/users/MarioSieg
user|https://api.github.com/users/tanishqkumar
user|https://api.github.com/users/anthropics
user|https://api.github.com/users/elder-plinius
repo|https://api.github.com/repos/cpldcpu/LRMTokenEconomy
repo|https://api.github.com/repos/bespokelabsai/curator
repo|https://api.github.com/repos/fuergaosi233/claude-code-proxy
repo|https://api.github.com/repos/1rgs/claude-code-proxy
repo|https://api.github.com/repos/MoonshotAI/Kimi-K2
repo|https://api.github.com/repos/OpenPipe/ART
repo|https://api.github.com/repos/LLM-Red-Team/kimi-cc
repo|https://api.github.com/repos/temporalio/temporal
repo|https://api.github.com/repos/togethercomputer/openapi
repo|https://api.github.com/repos/togethercomputer/open-data-scientist
repo|https://api.github.com/repos/elder-plinius/CL4R1T4S
repo|https://api.github.com/repos/togethercomputer/together-python
repo|https://api.github.com/repos/georgeowen1993/learn-git-the-hard-way
repo|https://api.github.com/repos/tanishqkumar/beyond-nanogpt
repo|https://api.github.com/repos/vllm-project/vllm
repo|https://api.github.com/repos/x1xhlol/system-prompts-and-models-of-ai-tools
repo|https://api.github.com/repos/togethercomputer/open_deep_research
repo|https://api.github.com/repos/etiennedi/vibe-col
repo|https://api.github.com/repos/rllm-org/rllm
repo|https://api.github.com/repos/a-hamdi/GPU
repo|https://api.github.com/repos/justinchiu/openlogprobs
repo|https://api.github.com/repos/mlc-ai/xgrammar
repo|https://api.github.com/repos/GFNOrg/dt-gfn
repo|https://api.github.com/repos/yossigandelsman/attn_sinkhole
repo|https://api.github.com/repos/softmatcha/softmatcha
repo|https://api.github.com/repos/willccbb/claude-deep-research
repo|https://api.github.com/repos/huggingface/lighteval
repo|https://api.github.com/repos/princeton-nlp/HELMET
repo|https://api.github.com/repos/xlite-dev/LeetCUDA
repo|https://api.github.com/repos/xlite-dev/Awesome-LLM-Inference
repo|https://api.github.com/repos/srush/Tensor-Puzzles
repo|https://api.github.com/repos/NVIDIA/cutlass
repo|https://api.github.com/repos/stas00/ml-engineering
repo|https://api.github.com/repos/hkust-nlp/simpleRL-reason
repo|https://api.github.com/repos/huggingface/open-r1
repo|https://api.github.com/repos/browser-use/browser-use
repo|https://api.github.com/repos/joonspk-research/generative_agents
repo|https://api.github.com/repos/chiphuyen/aie-book
repo|https://api.github.com/repos/huggingface/picotron
repo|https://api.github.com/repos/AnswerDotAI/llms-txt
repo|https://api.github.com/repos/MaximeVandegar/Papers-in-100-Lines-of-Code
repo|https://api.github.com/repos/ytdl-org/youtube-dl
repo|https://api.github.com/repos/unslothai/unsloth
repo|https://api.github.com/repos/PostHog/posthog
repo|https://api.github.com/repos/fmops/decisionbox
repo|https://api.github.com/repos/xhluca/bm25s
repo|https://api.github.com/repos/HazyResearch/lolcats
repo|https://api.github.com/repos/SWivid/F5-TTS
repo|https://api.github.com/repos/llamastack/llama-stack
repo|https://api.github.com/repos/togethercomputer/together-cookbook
repo|https://api.github.com/repos/openai/openai-cookbook
repo|https://api.github.com/repos/AnswerDotAI/byaldi
repo|https://api.github.com/repos/jackboyla/GLiREL
repo|https://api.github.com/repos/exo-explore/exo
repo|https://api.github.com/repos/linkedin/Liger-Kernel
repo|https://api.github.com/repos/anthropics/anthropic-sdk-python
repo|https://api.github.com/repos/anthropics/courses
repo|https://api.github.com/repos/rasbt/LLMs-from-scratch
repo|https://api.github.com/repos/probml/pyprobml
repo|https://api.github.com/repos/black-forest-labs/flux
repo|https://api.github.com/repos/dottxt-ai/outlines
repo|https://api.github.com/repos/arcee-ai/DistillKit
repo|https://api.github.com/repos/fastapi/fastapi
repo|https://api.github.com/repos/Dao-AILab/flash-attention
repo|https://api.github.com/repos/axolotl-ai-cloud/axolotl
repo|https://api.github.com/repos/graphistry/pygraphistry
repo|https://api.github.com/repos/jinpz/refactor
repo|https://api.github.com/repos/stanford-futuredata/ColBERT
repo|https://api.github.com/repos/togethercomputer/MoA
repo|https://api.github.com/repos/facebookresearch/faiss
repo|https://api.github.com/repos/d2l-ai/d2l-en
repo|https://api.github.com/repos/anthropics/anthropic-cookbook
repo|https://api.github.com/repos/weaviate-tutorials/weaviate-workshop
repo|https://api.github.com/repos/567-labs/instructor
repo|https://api.github.com/repos/bkoz/weaviate
repo|https://api.github.com/repos/weaviate/Verba
repo|https://api.github.com/repos/pyg-team/pytorch_geometric
repo|https://api.github.com/repos/shap/shap
repo|https://api.github.com/repos/nomic-ai/gpt4all
repo|https://api.github.com/repos/sis0k0/books-whisperer
repo|https://api.github.com/repos/meta-llama/llama
repo|https://api.github.com/repos/wesm/pydata-book
repo|https://api.github.com/repos/databyjp/distyll
repo|https://api.github.com/repos/weaviate/healthsearch-demo
repo|https://api.github.com/repos/IDEA-Research/Grounded-Segment-Anything
repo|https://api.github.com/repos/excalidraw/excalidraw
repo|https://api.github.com/repos/OptimalScale/LMFlow
repo|https://api.github.com/repos/tunguz/ML_Resources
repo|https://api.github.com/repos/weaviate/Generative-Feedback-Loops
repo|https://api.github.com/repos/weaviate/recipes
repo|https://api.github.com/repos/hsm207/privateGPT
repo|https://api.github.com/repos/weaviate/demo-fixie-weaviate
repo|https://api.github.com/repos/weaviate/ref2vec-ecommerce-demo
repo|https://api.github.com/repos/weaviate/howto-weaviate-retrieval-plugin
repo|https://api.github.com/repos/Significant-Gravitas/AutoGPT
repo|https://api.github.com/repos/weaviate/weaviate
repo|https://api.github.com/repos/rosasalberto/mil
repo|https://api.github.com/repos/weaviate/weaviate-io
repo|https://api.github.com/repos/google-research/tuning_playbook
repo|https://api.github.com/repos/weaviate/spark-connector
repo|https://api.github.com/repos/dair-ai/ML-Course-Notes
user|https://api.github.com/users/jwegis
user|https://api.github.com/users/pardel
user|https://api.github.com/users/bpo
user|https://api.github.com/users/adamb
user|https://api.github.com/users/tokumine
user|https://api.github.com/users/artixan
user|https://api.github.com/users/kishba
user|https://api.github.com/users/0xSMW
user|https://api.github.com/users/gusgollings
user|https://api.github.com/users/reeze
user|https://api.github.com/users/jlongtine
user|https://api.github.com/users/kakugawa
user|https://api.github.com/users/camcaine
user|https://api.github.com/users/vincentkoc
user|https://api.github.com/users/jorisw
user|https://api.github.com/users/cristianmedeiros
user|https://api.github.com/users/beeman
user|https://api.github.com/users/timwee
user|https://api.github.com/users/goodmj
user|https://api.github.com/users/anusha-r
user|https://api.github.com/users/leeoniya
user|https://api.github.com/users/flmendes
user|https://api.github.com/users/4th-turning
user|https://api.github.com/users/pkaleta
user|https://api.github.com/users/favrik
user|https://api.github.com/users/rpasquay
user|https://api.github.com/users/qmchenry
user|https://api.github.com/users/josharian
user|https://api.github.com/users/slnc
user|https://api.github.com/users/lkydaniel
user|https://api.github.com/users/bravet
user|https://api.github.com/users/davidrd123
user|https://api.github.com/users/gmacario
user|https://api.github.com/users/ianand
user|https://api.github.com/users/liispon
user|https://api.github.com/users/wupher
user|https://api.github.com/users/vpw
user|https://api.github.com/users/rjgonzale
user|https://api.github.com/users/kirillzubovsky
user|https://api.github.com/users/bergwolf
user|https://api.github.com/users/iammerrick
user|https://api.github.com/users/harikt
user|https://api.github.com/users/honishi
user|https://api.github.com/users/arturogarrido
user|https://api.github.com/users/kingseaeast
user|https://api.github.com/users/guiyang
user|https://api.github.com/users/wtuffaha
user|https://api.github.com/users/antlypls
user|https://api.github.com/users/antonmedv
user|https://api.github.com/users/jayzeng
user|https://api.github.com/users/Zeanog
user|https://api.github.com/users/ad3002
user|https://api.github.com/users/shabeer
user|https://api.github.com/users/qzchenwl
user|https://api.github.com/users/altaic
user|https://api.github.com/users/emailhy
user|https://api.github.com/users/why-not
user|https://api.github.com/users/eugene1g
user|https://api.github.com/users/metdos
user|https://api.github.com/users/okhosting
user|https://api.github.com/users/kulesh
user|https://api.github.com/users/jbulow
user|https://api.github.com/users/goldmine
user|https://api.github.com/users/rizaramadan
user|https://api.github.com/users/tananuka
user|https://api.github.com/users/shooley
user|https://api.github.com/users/tanmaypatel
user|https://api.github.com/users/psoares
user|https://api.github.com/users/jqtrde
user|https://api.github.com/users/007
user|https://api.github.com/users/efpe
user|https://api.github.com/users/cmpscabral
user|https://api.github.com/users/soufianeh
user|https://api.github.com/users/snoopckuu
user|https://api.github.com/users/abornand
user|https://api.github.com/users/coffeejunk
user|https://api.github.com/users/inirudebwoy
user|https://api.github.com/users/MichelCarroll
user|https://api.github.com/users/garycylin
user|https://api.github.com/users/CarlosR2
user|https://api.github.com/users/IggShaman
user|https://api.github.com/users/aldoBrett
user|https://api.github.com/users/zhifengkoh
user|https://api.github.com/users/karpathy
user|https://api.github.com/users/chubajs
user|https://api.github.com/users/dsueiro
user|https://api.github.com/users/Belloliva
user|https://api.github.com/users/nikolagajin
user|https://api.github.com/users/dave-mccloskey
user|https://api.github.com/users/kevinferrero
user|https://api.github.com/users/jColeChanged
user|https://api.github.com/users/vikramvi
user|https://api.github.com/users/Michael89
user|https://api.github.com/users/EdmundTse
user|https://api.github.com/users/mcgraw
user|https://api.github.com/users/gabalafou
user|https://api.github.com/users/mihaimaruseac
user|https://api.github.com/users/hamptonpaulk
user|https://api.github.com/users/mareklangiewicz
user|https://api.github.com/users/vinceajello
user|https://api.github.com/users/scebotari66
user|https://api.github.com/users/bakibillah
user|https://api.github.com/users/bizzguy
user|https://api.github.com/users/brandongalbraith
user|https://api.github.com/users/hpmaxi
user|https://api.github.com/users/haegyung
user|https://api.github.com/users/swatinsk
user|https://api.github.com/users/fregdee
user|https://api.github.com/users/overra
user|https://api.github.com/users/olehb
user|https://api.github.com/users/rohin
user|https://api.github.com/users/traciborski
user|https://api.github.com/users/kzndzhiro
user|https://api.github.com/users/jdponomarev
user|https://api.github.com/users/oiwn
user|https://api.github.com/users/romeii
user|https://api.github.com/users/ikybs
user|https://api.github.com/users/mattiaswa
user|https://api.github.com/users/ferrao
user|https://api.github.com/users/ssanan
user|https://api.github.com/users/allen-oneill
user|https://api.github.com/users/cyk
user|https://api.github.com/users/pringshia
user|https://api.github.com/users/sijuv
user|https://api.github.com/users/leftis
user|https://api.github.com/users/huanghao
user|https://api.github.com/users/krohling
user|https://api.github.com/users/axazeano
user|https://api.github.com/users/moike
user|https://api.github.com/users/wycc
user|https://api.github.com/users/studdart
user|https://api.github.com/users/rwatsh
user|https://api.github.com/users/moezb
user|https://api.github.com/users/goleador
user|https://api.github.com/users/ghchinoy
user|https://api.github.com/users/IronRobot
user|https://api.github.com/users/wlxiong
user|https://api.github.com/users/bikash119
user|https://api.github.com/users/NurettinYAKIT
user|https://api.github.com/users/andrewssobral
user|https://api.github.com/users/napalias
user|https://api.github.com/users/nsanghi
user|https://api.github.com/users/yildizfatih
user|https://api.github.com/users/teddyj
user|https://api.github.com/users/mariusbutuc
user|https://api.github.com/users/skavish
user|https://api.github.com/users/lyricalpolymath
user|https://api.github.com/users/qxhy123
user|https://api.github.com/users/dotpot
user|https://api.github.com/users/hufeng
user|https://api.github.com/users/fdanny
user|https://api.github.com/users/fruitfoxlu
user|https://api.github.com/users/praenubilus
user|https://api.github.com/users/fscosta
user|https://api.github.com/users/gitSebastian
user|https://api.github.com/users/mgchi
user|https://api.github.com/users/photosban
user|https://api.github.com/users/rishikeshr
user|https://api.github.com/users/majunbo
user|https://api.github.com/users/shrirangmoghe
user|https://api.github.com/users/dennyoi
user|https://api.github.com/users/dakra
user|https://api.github.com/users/QuantumBear
user|https://api.github.com/users/prasathsarath
user|https://api.github.com/users/kornyushenko
user|https://api.github.com/users/otaviocarvalho
user|https://api.github.com/users/best1
user|https://api.github.com/users/ahernandezlopez
user|https://api.github.com/users/deliseev
user|https://api.github.com/users/climber2002
user|https://api.github.com/users/spendyala
user|https://api.github.com/users/williamyangcn
user|https://api.github.com/users/vkartaviy
user|https://api.github.com/users/tiurin
user|https://api.github.com/users/strateg
user|https://api.github.com/users/aletheia
user|https://api.github.com/users/themortalcoil
user|https://api.github.com/users/renatocan
user|https://api.github.com/users/tsella
user|https://api.github.com/users/evisoft
user|https://api.github.com/users/iluu
user|https://api.github.com/users/rebeccao
user|https://api.github.com/users/jonathanmiddleton
user|https://api.github.com/users/yi-yang
user|https://api.github.com/users/IlyaGulya
user|https://api.github.com/users/michael-romer
user|https://api.github.com/users/kogemrka
user|https://api.github.com/users/cleexiang
user|https://api.github.com/users/feiskyer
user|https://api.github.com/users/zcourts
user|https://api.github.com/users/dikshie
user|https://api.github.com/users/gmhoward
user|https://api.github.com/users/rdematos
user|https://api.github.com/users/chetanchoudhary08
user|https://api.github.com/users/tinyzero4
user|https://api.github.com/users/poweribo
user|https://api.github.com/users/ronbee
user|https://api.github.com/users/fareed-ahmed
user|https://api.github.com/users/jenkinv
user|https://api.github.com/users/BrunoGrandePhD
user|https://api.github.com/users/TsengWenChi
user|https://api.github.com/users/YihaoSu
user|https://api.github.com/users/sharanry
user|https://api.github.com/users/ShreyNaik123
user|https://api.github.com/users/aru31
user|https://api.github.com/users/umerazad
user|https://api.github.com/users/aimuch
user|https://api.github.com/users/aqureshiest
user|https://api.github.com/users/robinj0726
user|https://api.github.com/users/robbiemccorkell
user|https://api.github.com/users/yceron
user|https://api.github.com/users/jacobBaumbach
user|https://api.github.com/users/xieyaxiongfly
user|https://api.github.com/users/fznumber
user|https://api.github.com/users/blu3gui7ar
user|https://api.github.com/users/Chiuchiyin
user|https://api.github.com/users/dldinternet
user|https://api.github.com/users/XieWeikai
user|https://api.github.com/users/1026957152
user|https://api.github.com/users/jcmsbits
user|https://api.github.com/users/kasper-piskorski
user|https://api.github.com/users/harley19801
user|https://api.github.com/users/Motsepe-Jr
user|https://api.github.com/users/ahmadmustafaanis
user|https://api.github.com/users/bbz662
user|https://api.github.com/users/thundersaiyan
user|https://api.github.com/users/basicsbeauty
user|https://api.github.com/users/MTxSouza
user|https://api.github.com/users/patchie
user|https://api.github.com/users/mrtbrnz
user|https://api.github.com/users/anilms
user|https://api.github.com/users/KUrushi
user|https://api.github.com/users/ThassaAmzwar
user|https://api.github.com/users/hchasestevens
user|https://api.github.com/users/MeeElves
user|https://api.github.com/users/drumnistnakano
user|https://api.github.com/users/mengtanx
user|https://api.github.com/users/hkandala
user|https://api.github.com/users/spursy
user|https://api.github.com/users/twelveand0
user|https://api.github.com/users/phoenixbai
user|https://api.github.com/users/fday
user|https://api.github.com/users/happyLynne
user|https://api.github.com/users/aikedaerC
user|https://api.github.com/users/spacewalk01
user|https://api.github.com/users/zhenxingliu
user|https://api.github.com/users/sriccisoft
user|https://api.github.com/users/daviszhen
user|https://api.github.com/users/iamfaith
user|https://api.github.com/users/sthanhng
user|https://api.github.com/users/phoxiao
user|https://api.github.com/users/pardeep-singh
user|https://api.github.com/users/kirillF
user|https://api.github.com/users/reichenbch
user|https://api.github.com/users/jordandandan
user|https://api.github.com/users/amywu109
user|https://api.github.com/users/wjmZZZ
user|https://api.github.com/users/sunjun
user|https://api.github.com/users/Mousaic
user|https://api.github.com/users/BlackWaterDrop
user|https://api.github.com/users/chefmatteo
user|https://api.github.com/users/lullabies777
user|https://api.github.com/users/SheldonWong
user|https://api.github.com/users/hpsh0rk
user|https://api.github.com/users/lucashadfield
user|https://api.github.com/users/taxiyoshida
user|https://api.github.com/users/smartkao
user|https://api.github.com/users/JohnClaw
user|https://api.github.com/users/mbofb
user|https://api.github.com/users/lorenzovecchietti
user|https://api.github.com/users/mtc-20
user|https://api.github.com/users/Fezilian
user|https://api.github.com/users/Harmanjot3
user|https://api.github.com/users/hyuraku
user|https://api.github.com/users/P3R43L3
user|https://api.github.com/users/vetertann
user|https://api.github.com/users/AakashKumarNain
user|https://api.github.com/users/stablebits
user|https://api.github.com/users/kylewu11
user|https://api.github.com/users/jedrzej-smok
user|https://api.github.com/users/n8fury
user|https://api.github.com/users/mike-jianxin-mo
user|https://api.github.com/users/quareth
user|https://api.github.com/users/HowToNameMe
user|https://api.github.com/users/Chen-yu-Zheng
user|https://api.github.com/users/aliveornot
user|https://api.github.com/users/Danbytronic
user|https://api.github.com/users/haihd
user|https://api.github.com/users/abhimanyusaxena
user|https://api.github.com/users/AlexNorris
user|https://api.github.com/users/gourav-sg
user|https://api.github.com/users/kesar
user|https://api.github.com/users/zxshean
user|https://api.github.com/users/mtr7x
user|https://api.github.com/users/flrd2dth
user|https://api.github.com/users/bennylb
user|https://api.github.com/users/fggarcia
user|https://api.github.com/users/amitcm
user|https://api.github.com/users/ramtinms
user|https://api.github.com/users/AStepanov
user|https://api.github.com/users/kulla
user|https://api.github.com/users/szabta89
user|https://api.github.com/users/daveym
user|https://api.github.com/users/Jon-Biz
user|https://api.github.com/users/kratos4ever
user|https://api.github.com/users/debasis123
user|https://api.github.com/users/FleXoft
user|https://api.github.com/users/medizen
user|https://api.github.com/users/naveenatmit
user|https://api.github.com/users/istvano
user|https://api.github.com/users/tianx-dev
user|https://api.github.com/users/JonZeolla
user|https://api.github.com/users/tadinve
user|https://api.github.com/users/DGriyu
user|https://api.github.com/users/haoxinyue
user|https://api.github.com/users/fivejjs
user|https://api.github.com/users/mohitsethi
user|https://api.github.com/users/gregpaton08
user|https://api.github.com/users/tatung
user|https://api.github.com/users/rmusser01
user|https://api.github.com/users/mdavydau
user|https://api.github.com/users/sergeyzuev
user|https://api.github.com/users/libraua
user|https://api.github.com/users/ScottNicholsonKurland
user|https://api.github.com/users/deepumukundan
user|https://api.github.com/users/rrevanth
user|https://api.github.com/users/shuaiming
user|https://api.github.com/users/KevinBatdorf
user|https://api.github.com/users/dgwyer
user|https://api.github.com/users/raulra08
user|https://api.github.com/users/gorums
user|https://api.github.com/users/codingCookie
user|https://api.github.com/users/Stanleyckt
user|https://api.github.com/users/dcampoy
user|https://api.github.com/users/Max-Liu
user|https://api.github.com/users/martinwalsh
user|https://api.github.com/users/kaustubhn
user|https://api.github.com/users/elysiantech
user|https://api.github.com/users/NetBUG
user|https://api.github.com/users/veeragoni
user|https://api.github.com/users/jansriram
user|https://api.github.com/users/believeyrc
user|https://api.github.com/users/teehurme
user|https://api.github.com/users/stkao05
user|https://api.github.com/users/alasdaircoull
user|https://api.github.com/users/kaandedeoglu
user|https://api.github.com/users/Mohitkumar
user|https://api.github.com/users/maelcaldas
user|https://api.github.com/users/cezarlamann
user|https://api.github.com/users/suvil
user|https://api.github.com/users/code-rhino
user|https://api.github.com/users/ColinTWilliams
user|https://api.github.com/users/hiszpanski
user|https://api.github.com/users/fenoch4real
user|https://api.github.com/users/ashokpeeta
user|https://api.github.com/users/alvinvogelzang
user|https://api.github.com/users/ylchern
user|https://api.github.com/users/smartexpert
user|https://api.github.com/users/cadl
user|https://api.github.com/users/aenfield
user|https://api.github.com/users/matthewspear
user|https://api.github.com/users/fkuhne
user|https://api.github.com/users/itamblyn
user|https://api.github.com/users/JaySurplus
user|https://api.github.com/users/laishzh
user|https://api.github.com/users/jar3k
user|https://api.github.com/users/igor92128
user|https://api.github.com/users/austinwang0307
user|https://api.github.com/users/StijnDebackere
user|https://api.github.com/users/Rigel772
user|https://api.github.com/users/clabra
user|https://api.github.com/users/ogilvyC
user|https://api.github.com/users/haidahaha
user|https://api.github.com/users/ShirodkarTejas
user|https://api.github.com/users/gnufeng
user|https://api.github.com/users/tiagofrepereira2012
user|https://api.github.com/users/catarina-moreira
user|https://api.github.com/users/kollipara
user|https://api.github.com/users/bohoro
user|https://api.github.com/users/mandarbapaye
user|https://api.github.com/users/wuzesheng
user|https://api.github.com/users/b2renger
user|https://api.github.com/users/snejati86
user|https://api.github.com/users/JadHADDAD92
user|https://api.github.com/users/paopow
user|https://api.github.com/users/mohammad7t
user|https://api.github.com/users/absolutelyharsh
user|https://api.github.com/users/vkocaman
user|https://api.github.com/users/Franklyn1987
user|https://api.github.com/users/sivakumarlakkoju
user|https://api.github.com/users/apaarsinha
user|https://api.github.com/users/rahulsevakula
user|https://api.github.com/users/ghShu
user|https://api.github.com/users/The-Inscrutable-X
user|https://api.github.com/users/panozhan
user|https://api.github.com/users/CourageSean
user|https://api.github.com/users/0xfedcafe
user|https://api.github.com/users/araji-collibra
user|https://api.github.com/users/sriramrag
user|https://api.github.com/users/asifahmedfuad
user|https://api.github.com/users/albertoual
user|https://api.github.com/users/bennyweise
user|https://api.github.com/users/kumar-abhishek
user|https://api.github.com/users/binaryninja
user|https://api.github.com/users/Auth3nticAI
user|https://api.github.com/users/msharmavikram
user|https://api.github.com/users/kabhinav
user|https://api.github.com/users/ivanorsolic
user|https://api.github.com/users/wwymak
user|https://api.github.com/users/fetchtv
user|https://api.github.com/users/vladvino
user|https://api.github.com/users/sourabh2k15
user|https://api.github.com/users/soze316
user|https://api.github.com/users/santapo
user|https://api.github.com/users/o2alexanderfedin
user|https://api.github.com/users/oscaromsn
user|https://api.github.com/users/franzolka
user|https://api.github.com/users/balaprasanna
user|https://api.github.com/users/martymcenroe
user|https://api.github.com/users/bkanaki
user|https://api.github.com/users/eatlantis
user|https://api.github.com/users/liuxpro
user|https://api.github.com/users/yufengg
user|https://api.github.com/users/alejandroOPI
user|https://api.github.com/users/rgga-16
user|https://api.github.com/users/Dmm0777
user|https://api.github.com/users/bqcao
user|https://api.github.com/users/Kunjan
user|https://api.github.com/users/Aleksoz
user|https://api.github.com/users/rg3l3dr
user|https://api.github.com/users/muratcankoylan
user|https://api.github.com/users/sjack1017
user|https://api.github.com/users/KrzysztofSkrzypski
user|https://api.github.com/users/miniweeds
user|https://api.github.com/users/menon92
user|https://api.github.com/users/shiv19
user|https://api.github.com/users/rkrishnasanka
user|https://api.github.com/users/victor-hsiao
user|https://api.github.com/users/yrioual
user|https://api.github.com/users/nninghk
user|https://api.github.com/users/raviknits
user|https://api.github.com/users/hqng
user|https://api.github.com/users/LeHoangTuanbk
user|https://api.github.com/users/Pi-Akash
user|https://api.github.com/users/binglord
user|https://api.github.com/users/omergra
user|https://api.github.com/users/Mattral
user|https://api.github.com/users/justin-barton
user|https://api.github.com/users/dmantovani-am
user|https://api.github.com/users/gowsiany
user|https://api.github.com/users/devforma
user|https://api.github.com/users/Navoditamathur
user|https://api.github.com/users/timgrossmann
user|https://api.github.com/users/liweixiaogui10
user|https://api.github.com/users/dev-Roshan-lab
user|https://api.github.com/users/theschoolofai
user|https://api.github.com/users/mathusuthan
user|https://api.github.com/users/mohamedelmesawy
user|https://api.github.com/users/jsj14
user|https://api.github.com/users/robertclancy
user|https://api.github.com/users/djfrancesco
user|https://api.github.com/users/tharpa
user|https://api.github.com/users/provezano
user|https://api.github.com/users/Kastakin
user|https://api.github.com/users/GuptaAditya95
user|https://api.github.com/users/aziemski
user|https://api.github.com/users/AhmadShaik
user|https://api.github.com/users/dsharmabtg
user|https://api.github.com/users/GiannisProkopiouOrfium
user|https://api.github.com/users/eyalliebermann
user|https://api.github.com/users/kmilych
user|https://api.github.com/users/Kaktusava
user|https://api.github.com/users/Fluxkom
user|https://api.github.com/users/TecOrb-Developers
user|https://api.github.com/users/abrkamalov
user|https://api.github.com/users/johncordeiro
user|https://api.github.com/users/aly-bahaa
user|https://api.github.com/users/GhennadiiMir
user|https://api.github.com/users/mpazaryna
user|https://api.github.com/users/vonrafael
user|https://api.github.com/users/shanifdhanani
user|https://api.github.com/users/quickSilverShanks
user|https://api.github.com/users/pasovsky
user|https://api.github.com/users/nile649
user|https://api.github.com/users/juancopi81
user|https://api.github.com/users/dasirra
user|https://api.github.com/users/jxxtin
user|https://api.github.com/users/Pwntus
user|https://api.github.com/users/markdimi
user|https://api.github.com/users/suizongbuhenatie
user|https://api.github.com/users/BlazeGAI
user|https://api.github.com/users/samuel-lwl
user|https://api.github.com/users/Iftikaralam2021
user|https://api.github.com/users/codeandcodes
user|https://api.github.com/users/idjey
user|https://api.github.com/users/singhmnprt01
user|https://api.github.com/users/AgarwalPragy
user|https://api.github.com/users/aryamasingh
user|https://api.github.com/users/yulonghui
user|https://api.github.com/users/AniLeo-01
user|https://api.github.com/users/QikeLi
user|https://api.github.com/users/surajshivkumar
user|https://api.github.com/users/abhincho
user|https://api.github.com/users/simhallq
user|https://api.github.com/users/VladimirStarostenkov
user|https://api.github.com/users/sanster9292
user|https://api.github.com/users/weelzo
user|https://api.github.com/users/ruimalheiro
user|https://api.github.com/users/kl0211
user|https://api.github.com/users/mlhoque
user|https://api.github.com/users/18amanbansal
user|https://api.github.com/users/GeekDadKevin
user|https://api.github.com/users/kkyy3402
user|https://api.github.com/users/Binah-CS
user|https://api.github.com/users/alimasri
user|https://api.github.com/users/fasilmveloor
user|https://api.github.com/users/450586509
user|https://api.github.com/users/leejnau
user|https://api.github.com/users/n1603
user|https://api.github.com/users/LvXinTao
user|https://api.github.com/users/KalyanbrataMaity
user|https://api.github.com/users/apalkoff
user|https://api.github.com/users/tolyod
user|https://api.github.com/users/sukuya
user|https://api.github.com/users/Ojda22
user|https://api.github.com/users/pelegb
user|https://api.github.com/users/bvasil
user|https://api.github.com/users/DominiquePaul
user|https://api.github.com/users/nibzard
user|https://api.github.com/users/snsrinivasavundavalli
user|https://api.github.com/users/DmitryKutsev
user|https://api.github.com/users/iyesin
user|https://api.github.com/users/shokirovnozir
user|https://api.github.com/users/shvartzdev
user|https://api.github.com/users/singhdavinderpa1
user|https://api.github.com/users/or-SX
user|https://api.github.com/users/siryaya
user|https://api.github.com/users/ZeerhoK
user|https://api.github.com/users/ashleyjhsu
user|https://api.github.com/users/CaryCS-GUO
user|https://api.github.com/users/nefastosaturo
user|https://api.github.com/users/Shorya-agarwal
user|https://api.github.com/users/shermify
user|https://api.github.com/users/TiesenX
user|https://api.github.com/users/liangli217
user|https://api.github.com/users/ShriramSunderr
user|https://api.github.com/users/nkhajouei
user|https://api.github.com/users/fillassuncao
user|https://api.github.com/users/ArthrowAbstract
user|https://api.github.com/users/ay34
user|https://api.github.com/users/gotoxavier2333
user|https://api.github.com/users/danielmicoski
user|https://api.github.com/users/whitedogedev
user|https://api.github.com/users/sidharthg
user|https://api.github.com/users/julianaddison
user|https://api.github.com/users/iamheavymetalx7
user|https://api.github.com/users/amitport
user|https://api.github.com/users/jessenyu
user|https://api.github.com/users/shdqcdsn
user|https://api.github.com/users/shangobashi
user|https://api.github.com/users/BeardedAmbivert
user|https://api.github.com/users/SamujjwalSam
user|https://api.github.com/users/ArturKotAllegro
user|https://api.github.com/users/No-Cash-7970
user|https://api.github.com/users/EdKamau
user|https://api.github.com/users/forgedhallpass
user|https://api.github.com/users/ParadoxAndAporia
user|https://api.github.com/users/tmohn
user|https://api.github.com/users/Hemang71
user|https://api.github.com/users/manuelventero
user|https://api.github.com/users/Patryk-Git
user|https://api.github.com/users/postc0de
user|https://api.github.com/users/doYrobot
user|https://api.github.com/users/lochansurya
user|https://api.github.com/users/airar-dev
user|https://api.github.com/users/saugatach
user|https://api.github.com/users/tulasiedpuganti
user|https://api.github.com/users/manas-maheshwari
user|https://api.github.com/users/luke-harriman
user|https://api.github.com/users/jkwening
user|https://api.github.com/users/babakbehzad
user|https://api.github.com/users/BirchKwok
user|https://api.github.com/users/philipglazman
user|https://api.github.com/users/PRANJALRANA11
user|https://api.github.com/users/aalvan
user|https://api.github.com/users/lihux25
user|https://api.github.com/users/kailliang
user|https://api.github.com/users/hdocmsu
user|https://api.github.com/users/gcwenger
user|https://api.github.com/users/sswt
user|https://api.github.com/users/VachanVY
user|https://api.github.com/users/mm2623
user|https://api.github.com/users/nongiga
user|https://api.github.com/users/nguyen-dhn
user|https://api.github.com/users/iBreaker
user|https://api.github.com/users/sarath-soman
user|https://api.github.com/users/a1rom
user|https://api.github.com/users/WojciechMankowski
user|https://api.github.com/users/Fawziya
user|https://api.github.com/users/Ingmardam
user|https://api.github.com/users/Royalvice
user|https://api.github.com/users/fasttrack-zz
user|https://api.github.com/users/Alexanderms36
user|https://api.github.com/users/nanaagyei
user|https://api.github.com/users/sahi-mfg
user|https://api.github.com/users/weiweizhan
user|https://api.github.com/users/pwaila
user|https://api.github.com/users/zainhas
user|https://api.github.com/users/olendino
user|https://api.github.com/users/ZorkJ
user|https://api.github.com/users/mrayush18
user|https://api.github.com/users/Ramzes30765
user|https://api.github.com/users/Ku1016
user|https://api.github.com/users/amitj-humanic
user|https://api.github.com/users/thanhduycao
user|https://api.github.com/users/cognaiger
user|https://api.github.com/users/Dicshui
user|https://api.github.com/users/akvish
user|https://api.github.com/users/LeoMcBills
user|https://api.github.com/users/Roman-212
user|https://api.github.com/users/Summer723
user|https://api.github.com/users/hotpapers
user|https://api.github.com/users/vaperrin
user|https://api.github.com/users/jonathanatuscpsu
user|https://api.github.com/users/babdulhakim2
user|https://api.github.com/users/Ravikiran-Bhonagiri
user|https://api.github.com/users/alokdidde
user|https://api.github.com/users/slcheng97
user|https://api.github.com/users/pavan-b
user|https://api.github.com/users/willstar777
user|https://api.github.com/users/tranquilfire
user|https://api.github.com/users/JulianSprung
user|https://api.github.com/users/georgebassem111
user|https://api.github.com/users/kleffy
user|https://api.github.com/users/Ayobamiu
user|https://api.github.com/users/amashrabov
user|https://api.github.com/users/haochuan-li
user|https://api.github.com/users/suiguoxin
user|https://api.github.com/users/mwaaas
user|https://api.github.com/users/radka-j
user|https://api.github.com/users/kartikh26
user|https://api.github.com/users/bowersj27
user|https://api.github.com/users/keiraqz
user|https://api.github.com/users/wilsonjr
user|https://api.github.com/users/Ayke
user|https://api.github.com/users/kakashiio
user|https://api.github.com/users/tocheng
user|https://api.github.com/users/1350lumen
user|https://api.github.com/users/drcharlesmiller
user|https://api.github.com/users/v1shwa
user|https://api.github.com/users/ghantasunil
user|https://api.github.com/users/icefree
user|https://api.github.com/users/kaiwisdom
user|https://api.github.com/users/79man
user|https://api.github.com/users/Jamleck
user|https://api.github.com/users/ArunkumarRamanan
user|https://api.github.com/users/Geoff-Ford
user|https://api.github.com/users/dvah
user|https://api.github.com/users/ckunkel
user|https://api.github.com/users/agogodavid
user|https://api.github.com/users/danielrid
user|https://api.github.com/users/cwestergren
user|https://api.github.com/users/chinmusique
user|https://api.github.com/users/alphadai
user|https://api.github.com/users/gjwang
user|https://api.github.com/users/nutcrackers2
user|https://api.github.com/users/krkrreddy
user|https://api.github.com/users/ariapoy
user|https://api.github.com/users/maoxiangyi
user|https://api.github.com/users/niuox
user|https://api.github.com/users/gratchie
user|https://api.github.com/users/skew202
user|https://api.github.com/users/marcello10
user|https://api.github.com/users/meule
user|https://api.github.com/users/wangzheallen
user|https://api.github.com/users/HareshKarnan
user|https://api.github.com/users/roshan92
user|https://api.github.com/users/wes4m
user|https://api.github.com/users/pydong
user|https://api.github.com/users/LiloD
user|https://api.github.com/users/vanclute
user|https://api.github.com/users/sevmardi
user|https://api.github.com/users/mdb42
user|https://api.github.com/users/mdevans
user|https://api.github.com/users/fangxuke19
user|https://api.github.com/users/arbaaz
user|https://api.github.com/users/bohachevskyy
user|https://api.github.com/users/hanzmyco
user|https://api.github.com/users/haicg
user|https://api.github.com/users/chineseabacus
user|https://api.github.com/users/kylepeeler
user|https://api.github.com/users/anilyesilkaya
user|https://api.github.com/users/bigjosh
user|https://api.github.com/users/ivvvve
user|https://api.github.com/users/ElCuboNegro
user|https://api.github.com/users/varunns
user|https://api.github.com/users/mohammadnaseri
user|https://api.github.com/users/fabian-
user|https://api.github.com/users/ILIYANGERMANOV
user|https://api.github.com/users/CrossD
user|https://api.github.com/users/r0xsh
user|https://api.github.com/users/rasbt
user|https://api.github.com/users/joycgj
user|https://api.github.com/users/vicnaum
user|https://api.github.com/users/ralph-m
user|https://api.github.com/users/Heronalps
user|https://api.github.com/users/NiceChildHQ
user|https://api.github.com/users/rrishabh
user|https://api.github.com/users/weberhen
user|https://api.github.com/users/roshanaz
user|https://api.github.com/users/akhillb
user|https://api.github.com/users/diagonjope
user|https://api.github.com/users/YeshaS93
user|https://api.github.com/users/nzmark
user|https://api.github.com/users/HuaizhengZhang
user|https://api.github.com/users/aaronshihero
user|https://api.github.com/users/willbearlee
user|https://api.github.com/users/MyDogTom
user|https://api.github.com/users/keyuebao
user|https://api.github.com/users/arulmanisi
