https://api.github.com/repos/JacktheGeat/AbstractDataType-Sequence|3
https://api.github.com/repos/JacktheGeat/Backrooms|3
https://api.github.com/repos/JacktheGeat/Bee_Keeper|1
https://api.github.com/repos/JacktheGeat/Better-MC-Enchants|1
https://api.github.com/repos/JacktheGeat/Biome_detection|5
https://api.github.com/repos/JacktheGeat/Corruption|3
https://api.github.com/repos/JacktheGeat/jackthegeat.github.io|3
https://api.github.com/repos/JacktheGeat/LinkedList|3
https://api.github.com/repos/JacktheGeat/Mystanic|5
https://api.github.com/repos/JacktheGeat/scraper|1
https://api.github.com/repos/JacktheGeat/Server_Datapack|3
https://api.github.com/repos/JacktheGeat/Sticks-AI|3
https://api.github.com/repos/graves557/complete-guide-to-cpp-programming-foundations-3846057|1
https://api.github.com/repos/smoser-LiL/ai-algorithms-for-game-design-with-python-3933112|1
https://api.github.com/repos/smoser-LiL/aspnetcore|1
https://api.github.com/repos/smoser-LiL/copy-to-branches-sjm|1
https://api.github.com/repos/smoser-LiL/css-enhancing-interfaces-with-animation-2863048|1
https://api.github.com/repos/smoser-LiL/jdk|1
https://api.github.com/repos/smoser-LiL/prometheus-dep-testing|1
https://api.github.com/repos/smoser-LiL/SJM-developing-unicode-aware-applications-in-go-5970071|1
https://api.github.com/repos/smoser-LiL/xunit|1
https://api.github.com/repos/svodnik/ajaxproxy|1
https://api.github.com/repos/svodnik/docs|1
https://api.github.com/repos/svodnik/FEWD-52|3
https://api.github.com/repos/svodnik/FEWD-SF-64|3
https://api.github.com/repos/svodnik/fewd54|3
https://api.github.com/repos/svodnik/fewd64|3
https://api.github.com/repos/svodnik/FEWD_reading|3
https://api.github.com/repos/svodnik/gafewd|3
https://api.github.com/repos/svodnik/gafewd-portal|3
https://api.github.com/repos/svodnik/gajsd|3
https://api.github.com/repos/svodnik/hubot|3
https://api.github.com/repos/svodnik/JS-SF-10-homework|3
https://api.github.com/repos/svodnik/JS-SF-10-resources|3
https://api.github.com/repos/svodnik/JS-SF-11-resources|3
https://api.github.com/repos/svodnik/JS-SF-12-resources|3
https://api.github.com/repos/svodnik/JS-SF-13-resources|3
https://api.github.com/repos/svodnik/JS-SF-14-resources|3
https://api.github.com/repos/svodnik/JS-SF-15-resources|3
https://api.github.com/repos/svodnik/JS-SF-16-resources|3
https://api.github.com/repos/svodnik/JS-SF-7-homework|3
https://api.github.com/repos/svodnik/JS-SF-7-resources|3
https://api.github.com/repos/svodnik/JS-SF-8-homework|3
https://api.github.com/repos/svodnik/JS-SF-8-resources|3
https://api.github.com/repos/svodnik/JS-SF-9-homework|3
https://api.github.com/repos/svodnik/JS-SF-9-resources|3
https://api.github.com/repos/svodnik/JS-Unit-2-Project-Starter-Code|3
https://api.github.com/repos/svodnik/jsd10|3
https://api.github.com/repos/svodnik/JSD12|3
https://api.github.com/repos/svodnik/JSD13|3
https://api.github.com/repos/svodnik/JSD14|3
https://api.github.com/repos/svodnik/JSD15|3
https://api.github.com/repos/svodnik/JSD16|3
https://api.github.com/repos/svodnik/jsd3-homework|3
https://api.github.com/repos/svodnik/jsd6-homework|3
https://api.github.com/repos/svodnik/jsd8|3
https://api.github.com/repos/svodnik/jsd9|3
https://api.github.com/repos/svodnik/learning-java-2825378|1
https://api.github.com/repos/svodnik/node-js-sample|3
https://api.github.com/repos/svodnik/react-workshop|3
https://api.github.com/repos/svodnik/sfjs5|3
https://api.github.com/repos/svodnik/sfjs6|3
https://api.github.com/repos/svodnik/snackbot|3
https://api.github.com/repos/svodnik/svodnik.github.io|3
https://api.github.com/repos/svodnik/testbot|3
https://api.github.com/repos/svodnik/working-plusplus|3
https://api.github.com/repos/docusign/code-examples-clm-apex|1
https://api.github.com/repos/docusign/postman-collections|1
https://api.github.com/repos/Stwissel/lwcaura|1
https://api.github.com/repos/trailheadapps/ebikes-lwc|1
https://api.github.com/repos/trailheadapps/lwc-recipes|1
https://api.github.com/repos/MonitorControl/MonitorControl|1
https://api.github.com/repos/villadora/express-http-proxy|1
https://api.github.com/repos/chimurai/http-proxy-middleware|1
https://api.github.com/repos/Rob--W/cors-anywhere|1
https://api.github.com/repos/heroku/node-js-sample|1
https://api.github.com/repos/tdmalone/working-plusplus|1
https://api.github.com/repos/latentflip/loupe|1
https://api.github.com/repos/WICG/cq-usecases|1
https://api.github.com/repos/thedaviddias/Front-End-Checklist|1
https://api.github.com/repos/kaypeter87/API-Key-Backend|1
https://api.github.com/repos/NamitaMalik/2-way-data-binding-in-Plain-Vanilla-JavaScript|1
https://api.github.com/repos/stickfigure/blog|1
https://api.github.com/repos/freeCodeCamp/freeCodeCamp|1
https://api.github.com/repos/cheshireoctopus/gafewd|1
https://api.github.com/repos/workshopper/learnyounode|1
https://api.github.com/repos/verekia/js-stack-from-scratch|1
https://api.github.com/repos/jesstelford/react-workshop|1
https://api.github.com/repos/microsoft/vscode|1
https://api.github.com/repos/adobe/brackets|1
https://api.github.com/repos/facebook/react|1
https://api.github.com/repos/twbs/bootstrap|1
https://api.github.com/repos/openlayers/openlayers|1
https://api.github.com/repos/Borgaard/jsd3-homework|1
https://api.github.com/repos/Borgaard/jsd3-solution-files|1
https://api.github.com/repos/Borgaard/jsd5-homework|1
https://api.github.com/repos/cheshireoctopus/gafewd-portal|1
https://api.github.com/repos/Borgaard/JS-SF-8-homework|1
https://api.github.com/repos/LinkedInLearning/eslint-workflow-2254050|1
https://api.github.com/repos/LinkedInLearning/eslint-styles-2255010|1
https://api.github.com/repos/LinkedInLearning/eslint-syntax-2255011|1
https://api.github.com/repos/docusign/DSU|1
https://api.github.com/repos/LinkedInLearning/json-essential-training-2887317|1
https://api.github.com/repos/LinkedInLearning/programming-foundations-sdks-4359496|1
https://api.github.com/repos/LinkedInLearning/JavaScript-Ajax-and-Fetch-3809063|1
https://api.github.com/repos/LinkedIn-Learning-A1/css-enhancing-interfaces-with-animation-2863048|1
https://api.github.com/repos/LinkedInLearning/introduction-to-ai-native-vector-databases-4470531|1
https://api.github.com/repos/zainhas/ACEBench|1
https://api.github.com/repos/zainhas/ai_on_threads|1
https://api.github.com/repos/zainhas/ann-benchmarks|1
https://api.github.com/repos/zainhas/babyagi|1
https://api.github.com/repos/zainhas/Best-README-Template|1
https://api.github.com/repos/zainhas/ClassicalML|1
https://api.github.com/repos/zainhas/codingstuffs|1
https://api.github.com/repos/zainhas/cookbooks|3
https://api.github.com/repos/zainhas/Fall2022class|1
https://api.github.com/repos/zainhas/Flask-Backend-V1.0|1
https://api.github.com/repos/zainhas/IntrotoNeuralNets|5
https://api.github.com/repos/zainhas/llama-recipes|1
https://api.github.com/repos/zainhas/LLM-GenAI-Transformers-Notebooks|1
https://api.github.com/repos/zainhas/LoRA|3
https://api.github.com/repos/zainhas/NNdistillation|3
https://api.github.com/repos/zainhas/openapi|1
https://api.github.com/repos/zainhas/ref2vec-ecommerce-demo|1
https://api.github.com/repos/zainhas/semantic-kernel|1
https://api.github.com/repos/zainhas/SideProjects|3
https://api.github.com/repos/zainhas/spark-connector|1
https://api.github.com/repos/zainhas/system-prompts-and-models-of-ai-tools|1
https://api.github.com/repos/zainhas/together-cookbook|1
https://api.github.com/repos/zainhas/together-python|1
https://api.github.com/repos/zainhas/vllm|1
https://api.github.com/repos/zainhas/weaviate-io|1
https://api.github.com/repos/zainhas/weaviate-memory-adapter|1
https://api.github.com/repos/zainhas/weaviatedemo|5
https://api.github.com/repos/zainhas/WeaviateWaldo|1
https://api.github.com/repos/zainhas/zainhas|3
https://api.github.com/repos/zainhas/zainhas.github.io|1
https://api.github.com/repos/cpldcpu/LRMTokenEconomy|1
https://api.github.com/repos/bespokelabsai/curator|1
https://api.github.com/repos/fuergaosi233/claude-code-proxy|1
https://api.github.com/repos/1rgs/claude-code-proxy|1
https://api.github.com/repos/MoonshotAI/Kimi-K2|1
https://api.github.com/repos/OpenPipe/ART|1
https://api.github.com/repos/LLM-Red-Team/kimi-cc|1
https://api.github.com/repos/temporalio/temporal|1
https://api.github.com/repos/togethercomputer/openapi|1
https://api.github.com/repos/togethercomputer/open-data-scientist|1
https://api.github.com/repos/elder-plinius/CL4R1T4S|1
https://api.github.com/repos/togethercomputer/together-python|1
https://api.github.com/repos/georgeowen1993/learn-git-the-hard-way|1
https://api.github.com/repos/tanishqkumar/beyond-nanogpt|1
https://api.github.com/repos/vllm-project/vllm|1
https://api.github.com/repos/x1xhlol/system-prompts-and-models-of-ai-tools|1
https://api.github.com/repos/togethercomputer/open_deep_research|1
https://api.github.com/repos/etiennedi/vibe-col|1
https://api.github.com/repos/rllm-org/rllm|1
https://api.github.com/repos/a-hamdi/GPU|1
https://api.github.com/repos/justinchiu/openlogprobs|1
https://api.github.com/repos/mlc-ai/xgrammar|1
https://api.github.com/repos/GFNOrg/dt-gfn|1
https://api.github.com/repos/yossigandelsman/attn_sinkhole|1
https://api.github.com/repos/softmatcha/softmatcha|1
https://api.github.com/repos/willccbb/claude-deep-research|1
https://api.github.com/repos/huggingface/lighteval|1
https://api.github.com/repos/princeton-nlp/HELMET|1
https://api.github.com/repos/xlite-dev/LeetCUDA|1
https://api.github.com/repos/xlite-dev/Awesome-LLM-Inference|1
https://api.github.com/repos/srush/Tensor-Puzzles|1
https://api.github.com/repos/NVIDIA/cutlass|1
https://api.github.com/repos/stas00/ml-engineering|1
https://api.github.com/repos/hkust-nlp/simpleRL-reason|1
https://api.github.com/repos/huggingface/open-r1|1
https://api.github.com/repos/browser-use/browser-use|1
https://api.github.com/repos/joonspk-research/generative_agents|1
https://api.github.com/repos/chiphuyen/aie-book|1
https://api.github.com/repos/huggingface/picotron|1
https://api.github.com/repos/AnswerDotAI/llms-txt|1
https://api.github.com/repos/MaximeVandegar/Papers-in-100-Lines-of-Code|1
https://api.github.com/repos/ytdl-org/youtube-dl|1
https://api.github.com/repos/unslothai/unsloth|1
https://api.github.com/repos/PostHog/posthog|1
https://api.github.com/repos/fmops/decisionbox|1
https://api.github.com/repos/xhluca/bm25s|1
https://api.github.com/repos/HazyResearch/lolcats|1
https://api.github.com/repos/SWivid/F5-TTS|1
https://api.github.com/repos/llamastack/llama-stack|1
https://api.github.com/repos/togethercomputer/together-cookbook|1
https://api.github.com/repos/openai/openai-cookbook|1
https://api.github.com/repos/AnswerDotAI/byaldi|1
https://api.github.com/repos/jackboyla/GLiREL|1
https://api.github.com/repos/exo-explore/exo|1
https://api.github.com/repos/linkedin/Liger-Kernel|1
https://api.github.com/repos/anthropics/anthropic-sdk-python|1
https://api.github.com/repos/anthropics/courses|1
https://api.github.com/repos/rasbt/LLMs-from-scratch|1
https://api.github.com/repos/probml/pyprobml|1
https://api.github.com/repos/black-forest-labs/flux|1
https://api.github.com/repos/dottxt-ai/outlines|1
https://api.github.com/repos/arcee-ai/DistillKit|1
https://api.github.com/repos/fastapi/fastapi|1
https://api.github.com/repos/Dao-AILab/flash-attention|1
https://api.github.com/repos/axolotl-ai-cloud/axolotl|1
https://api.github.com/repos/graphistry/pygraphistry|1
https://api.github.com/repos/jinpz/refactor|1
https://api.github.com/repos/stanford-futuredata/ColBERT|1
https://api.github.com/repos/togethercomputer/MoA|1
https://api.github.com/repos/facebookresearch/faiss|1
https://api.github.com/repos/d2l-ai/d2l-en|1
https://api.github.com/repos/anthropics/anthropic-cookbook|1
https://api.github.com/repos/weaviate-tutorials/weaviate-workshop|1
https://api.github.com/repos/567-labs/instructor|1
https://api.github.com/repos/bkoz/weaviate|1
https://api.github.com/repos/weaviate/Verba|1
https://api.github.com/repos/pyg-team/pytorch_geometric|1
https://api.github.com/repos/shap/shap|1
https://api.github.com/repos/nomic-ai/gpt4all|1
https://api.github.com/repos/sis0k0/books-whisperer|1
https://api.github.com/repos/meta-llama/llama|1
https://api.github.com/repos/wesm/pydata-book|1
https://api.github.com/repos/databyjp/distyll|1
https://api.github.com/repos/weaviate/healthsearch-demo|1
https://api.github.com/repos/IDEA-Research/Grounded-Segment-Anything|1
https://api.github.com/repos/excalidraw/excalidraw|1
https://api.github.com/repos/OptimalScale/LMFlow|1
https://api.github.com/repos/tunguz/ML_Resources|1
https://api.github.com/repos/weaviate/Generative-Feedback-Loops|1
https://api.github.com/repos/weaviate/recipes|1
https://api.github.com/repos/hsm207/privateGPT|1
https://api.github.com/repos/weaviate/demo-fixie-weaviate|1
https://api.github.com/repos/weaviate/ref2vec-ecommerce-demo|1
https://api.github.com/repos/weaviate/howto-weaviate-retrieval-plugin|1
https://api.github.com/repos/Significant-Gravitas/AutoGPT|1
https://api.github.com/repos/weaviate/weaviate|1
https://api.github.com/repos/rosasalberto/mil|1
https://api.github.com/repos/weaviate/weaviate-io|1
https://api.github.com/repos/google-research/tuning_playbook|1
https://api.github.com/repos/weaviate/spark-connector|1
https://api.github.com/repos/dair-ai/ML-Course-Notes|1
https://api.github.com/repos/karpathy/LLM101n|1
https://api.github.com/users/jwegis|1
https://api.github.com/users/pardel|1
https://api.github.com/users/bpo|1
https://api.github.com/users/adamb|1
https://api.github.com/users/tokumine|1
https://api.github.com/users/artixan|1
https://api.github.com/users/kishba|1
https://api.github.com/users/0xSMW|1
https://api.github.com/users/gusgollings|3
https://api.github.com/users/reeze|3
https://api.github.com/users/jlongtine|1
https://api.github.com/users/kakugawa|1
https://api.github.com/users/camcaine|3
https://api.github.com/users/vincentkoc|1
https://api.github.com/users/jorisw|1
https://api.github.com/users/cristianmedeiros|1
https://api.github.com/users/beeman|1
https://api.github.com/users/timwee|1
https://api.github.com/users/goodmj|1
https://api.github.com/users/anusha-r|1
https://api.github.com/users/leeoniya|1
https://api.github.com/users/flmendes|1
https://api.github.com/users/4th-turning|3
https://api.github.com/users/pkaleta|1
https://api.github.com/users/favrik|1
https://api.github.com/users/rpasquay|1
https://api.github.com/users/qmchenry|3
https://api.github.com/users/josharian|1
https://api.github.com/users/slnc|3
https://api.github.com/users/lkydaniel|1
https://api.github.com/users/bravet|1
https://api.github.com/users/davidrd123|1
https://api.github.com/users/gmacario|1
https://api.github.com/users/ianand|1
https://api.github.com/users/liispon|1
https://api.github.com/users/wupher|3
https://api.github.com/users/vpw|1
https://api.github.com/users/rjgonzale|1
https://api.github.com/users/kirillzubovsky|3
https://api.github.com/users/bergwolf|1
https://api.github.com/users/iammerrick|1
https://api.github.com/users/harikt|3
https://api.github.com/users/honishi|3
https://api.github.com/users/arturogarrido|1
https://api.github.com/users/kingseaeast|1
https://api.github.com/users/guiyang|3
https://api.github.com/users/wtuffaha|1
https://api.github.com/users/antlypls|1
https://api.github.com/users/antonmedv|1
https://api.github.com/users/jayzeng|3
https://api.github.com/users/Zeanog|1
https://api.github.com/users/ad3002|1
https://api.github.com/users/shabeer|1
https://api.github.com/users/qzchenwl|3
https://api.github.com/users/altaic|1
https://api.github.com/users/emailhy|1
https://api.github.com/users/why-not|1
https://api.github.com/users/eugene1g|1
https://api.github.com/users/metdos|1
https://api.github.com/users/okhosting|1
https://api.github.com/users/kulesh|3
https://api.github.com/users/jbulow|1
https://api.github.com/users/goldmine|1
https://api.github.com/users/rizaramadan|1
https://api.github.com/users/tananuka|1
https://api.github.com/users/shooley|1
https://api.github.com/users/tanmaypatel|1
https://api.github.com/users/psoares|1
https://api.github.com/users/jqtrde|3
https://api.github.com/users/007|1
https://api.github.com/users/efpe|1
https://api.github.com/users/cmpscabral|1
https://api.github.com/users/soufianeh|1
https://api.github.com/users/snoopckuu|1
https://api.github.com/users/abornand|3
https://api.github.com/users/coffeejunk|1
https://api.github.com/users/inirudebwoy|1
https://api.github.com/users/MichelCarroll|1
https://api.github.com/users/garycylin|1
https://api.github.com/users/CarlosR2|1
https://api.github.com/users/IggShaman|3
https://api.github.com/users/aldoBrett|1
https://api.github.com/users/zhifengkoh|1
https://api.github.com/users/karpathy|1
https://api.github.com/users/chubajs|1
https://api.github.com/users/dsueiro|3
https://api.github.com/users/Belloliva|1
https://api.github.com/users/nikolagajin|1
https://api.github.com/users/dave-mccloskey|1
https://api.github.com/users/kevinferrero|1
https://api.github.com/users/jColeChanged|1
https://api.github.com/users/vikramvi|1
https://api.github.com/users/Michael89|1
https://api.github.com/users/EdmundTse|1
https://api.github.com/users/mcgraw|3
https://api.github.com/users/gabalafou|1
https://api.github.com/users/mihaimaruseac|1
https://api.github.com/users/hamptonpaulk|1
https://api.github.com/users/mareklangiewicz|1
https://api.github.com/users/vinceajello|1
https://api.github.com/users/scebotari66|1
https://api.github.com/users/bakibillah|1
https://api.github.com/users/bizzguy|1
https://api.github.com/users/brandongalbraith|1
https://api.github.com/users/hpmaxi|1
https://api.github.com/users/haegyung|1
https://api.github.com/users/swatinsk|1
https://api.github.com/users/fregdee|1
https://api.github.com/users/overra|1
https://api.github.com/users/olehb|1
https://api.github.com/users/rohin|1
https://api.github.com/users/traciborski|1
https://api.github.com/users/kzndzhiro|1
https://api.github.com/users/jdponomarev|1
https://api.github.com/users/oiwn|3
https://api.github.com/users/romeii|1
https://api.github.com/users/ikybs|1
https://api.github.com/users/mattiaswa|1
https://api.github.com/users/ferrao|3
https://api.github.com/users/ssanan|1
https://api.github.com/users/allen-oneill|3
https://api.github.com/users/cyk|3
https://api.github.com/users/pringshia|1
https://api.github.com/users/sijuv|1
https://api.github.com/users/leftis|1
https://api.github.com/users/huanghao|1
https://api.github.com/users/krohling|1
https://api.github.com/users/axazeano|1
https://api.github.com/users/moike|1
https://api.github.com/users/wycc|1
https://api.github.com/users/studdart|3
https://api.github.com/users/rwatsh|1
https://api.github.com/users/moezb|1
https://api.github.com/users/goleador|1
https://api.github.com/users/ghchinoy|1
https://api.github.com/users/IronRobot|1
https://api.github.com/users/wlxiong|1
https://api.github.com/users/bikash119|1
https://api.github.com/users/NurettinYAKIT|1
https://api.github.com/users/andrewssobral|3
https://api.github.com/users/napalias|1
https://api.github.com/users/nsanghi|3
https://api.github.com/users/yildizfatih|1
https://api.github.com/users/teddyj|1
https://api.github.com/users/mariusbutuc|1
https://api.github.com/users/skavish|3
https://api.github.com/users/lyricalpolymath|1
https://api.github.com/users/qxhy123|1
https://api.github.com/users/dotpot|3
https://api.github.com/users/hufeng|1
https://api.github.com/users/fdanny|1
https://api.github.com/users/fruitfoxlu|1
https://api.github.com/users/praenubilus|3
https://api.github.com/users/fscosta|3
https://api.github.com/users/gitSebastian|1
https://api.github.com/users/mgchi|1
https://api.github.com/users/photosban|1
https://api.github.com/users/rishikeshr|1
https://api.github.com/users/majunbo|1
https://api.github.com/users/shrirangmoghe|3
https://api.github.com/users/dennyoi|3
https://api.github.com/users/dakra|1
https://api.github.com/users/QuantumBear|1
https://api.github.com/users/prasathsarath|1
https://api.github.com/users/kornyushenko|1
https://api.github.com/users/otaviocarvalho|1
https://api.github.com/users/best1|1
https://api.github.com/users/ahernandezlopez|1
https://api.github.com/users/deliseev|1
https://api.github.com/users/climber2002|1
https://api.github.com/users/spendyala|1
https://api.github.com/users/williamyangcn|1
https://api.github.com/users/vkartaviy|1
https://api.github.com/users/tiurin|3
https://api.github.com/users/strateg|1
https://api.github.com/users/aletheia|1
https://api.github.com/users/themortalcoil|3
https://api.github.com/users/renatocan|1
https://api.github.com/users/tsella|3
https://api.github.com/users/evisoft|3
https://api.github.com/users/iluu|1
https://api.github.com/users/rebeccao|1
https://api.github.com/users/jonathanmiddleton|1
https://api.github.com/users/yi-yang|1
https://api.github.com/users/IlyaGulya|1
https://api.github.com/users/michael-romer|1
https://api.github.com/users/kogemrka|3
https://api.github.com/users/cleexiang|1
https://api.github.com/users/feiskyer|1
https://api.github.com/users/zcourts|1
https://api.github.com/users/dikshie|3
https://api.github.com/users/gmhoward|1
https://api.github.com/users/rdematos|1
https://api.github.com/users/chetanchoudhary08|1
https://api.github.com/users/tinyzero4|1
https://api.github.com/users/poweribo|1
https://api.github.com/users/ronbee|3
https://api.github.com/users/fareed-ahmed|3
https://api.github.com/users/jenkinv|3
https://api.github.com/users/BrunoGrandePhD|1
https://api.github.com/users/TsengWenChi|1
https://api.github.com/users/YihaoSu|1
https://api.github.com/users/sharanry|1
https://api.github.com/users/ShreyNaik123|1
https://api.github.com/users/aru31|1
https://api.github.com/users/umerazad|3
https://api.github.com/users/aimuch|1
https://api.github.com/users/aqureshiest|1
https://api.github.com/users/robinj0726|1
https://api.github.com/users/robbiemccorkell|1
https://api.github.com/users/yceron|1
https://api.github.com/users/jacobBaumbach|1
https://api.github.com/users/xieyaxiongfly|3
https://api.github.com/users/fznumber|1
https://api.github.com/users/blu3gui7ar|1
https://api.github.com/users/Chiuchiyin|1
https://api.github.com/users/dldinternet|1
https://api.github.com/users/XieWeikai|1
https://api.github.com/users/1026957152|1
https://api.github.com/users/jcmsbits|1
https://api.github.com/users/kasper-piskorski|1
https://api.github.com/users/harley19801|1
https://api.github.com/users/Motsepe-Jr|1
https://api.github.com/users/ahmadmustafaanis|1
https://api.github.com/users/bbz662|1
https://api.github.com/users/thundersaiyan|1
https://api.github.com/users/basicsbeauty|3
https://api.github.com/users/MTxSouza|1
https://api.github.com/users/patchie|3
https://api.github.com/users/mrtbrnz|1
https://api.github.com/users/anilms|1
https://api.github.com/users/KUrushi|1
https://api.github.com/users/ThassaAmzwar|1
https://api.github.com/users/hchasestevens|3
https://api.github.com/users/MeeElves|1
https://api.github.com/users/drumnistnakano|1
https://api.github.com/users/mengtanx|1
https://api.github.com/users/hkandala|1
https://api.github.com/users/spursy|1
https://api.github.com/users/twelveand0|1
https://api.github.com/users/phoenixbai|1
https://api.github.com/users/fday|3
https://api.github.com/users/happyLynne|1
https://api.github.com/users/aikedaerC|1
https://api.github.com/users/spacewalk01|3
https://api.github.com/users/zhenxingliu|1
https://api.github.com/users/sriccisoft|1
https://api.github.com/users/daviszhen|1
https://api.github.com/users/iamfaith|1
https://api.github.com/users/sthanhng|1
https://api.github.com/users/phoxiao|1
https://api.github.com/users/pardeep-singh|1
https://api.github.com/users/kirillF|1
https://api.github.com/users/reichenbch|1
https://api.github.com/users/jordandandan|1
https://api.github.com/users/amywu109|1
https://api.github.com/users/wjmZZZ|1
https://api.github.com/users/sunjun|1
https://api.github.com/users/Mousaic|1
https://api.github.com/users/BlackWaterDrop|1
https://api.github.com/users/chefmatteo|1
https://api.github.com/users/lullabies777|1
https://api.github.com/users/SheldonWong|1
https://api.github.com/users/hpsh0rk|1
https://api.github.com/users/lucashadfield|1
https://api.github.com/users/taxiyoshida|1
https://api.github.com/users/smartkao|3
https://api.github.com/users/JohnClaw|1
https://api.github.com/users/mbofb|1
https://api.github.com/users/lorenzovecchietti|1
https://api.github.com/users/mtc-20|1
https://api.github.com/users/Fezilian|1
https://api.github.com/users/Harmanjot3|1
https://api.github.com/users/hyuraku|1
https://api.github.com/users/P3R43L3|1
https://api.github.com/users/vetertann|1
https://api.github.com/users/AakashKumarNain|1
https://api.github.com/users/stablebits|3
https://api.github.com/users/kylewu11|1
https://api.github.com/users/jedrzej-smok|1
https://api.github.com/users/n8fury|1
https://api.github.com/users/mike-jianxin-mo|1
https://api.github.com/users/quareth|1
https://api.github.com/users/HowToNameMe|1
https://api.github.com/users/Chen-yu-Zheng|1
https://api.github.com/users/aliveornot|1
https://api.github.com/users/Danbytronic|1
https://api.github.com/users/haihd|1
https://api.github.com/users/abhimanyusaxena|1
https://api.github.com/users/AlexNorris|1
https://api.github.com/users/gourav-sg|3
https://api.github.com/users/kesar|3
https://api.github.com/users/zxshean|1
https://api.github.com/users/mtr7x|1
https://api.github.com/users/flrd2dth|3
https://api.github.com/users/bennylb|1
https://api.github.com/users/fggarcia|1
https://api.github.com/users/amitcm|1
https://api.github.com/users/ramtinms|1
https://api.github.com/users/AStepanov|3
https://api.github.com/users/kulla|1
https://api.github.com/users/szabta89|1
https://api.github.com/users/daveym|1
https://api.github.com/users/Jon-Biz|1
https://api.github.com/users/kratos4ever|1
https://api.github.com/users/debasis123|1
https://api.github.com/users/FleXoft|1
https://api.github.com/users/medizen|1
https://api.github.com/users/naveenatmit|1
https://api.github.com/users/istvano|1
https://api.github.com/users/tianx-dev|1
https://api.github.com/users/JonZeolla|1
https://api.github.com/users/tadinve|1
https://api.github.com/users/DGriyu|1
https://api.github.com/users/haoxinyue|1
https://api.github.com/users/fivejjs|1
https://api.github.com/users/mohitsethi|3
https://api.github.com/users/gregpaton08|1
https://api.github.com/users/tatung|1
https://api.github.com/users/rmusser01|1
https://api.github.com/users/mdavydau|1
https://api.github.com/users/sergeyzuev|1
https://api.github.com/users/libraua|1
https://api.github.com/users/ScottNicholsonKurland|1
https://api.github.com/users/deepumukundan|1
https://api.github.com/users/rrevanth|1
https://api.github.com/users/shuaiming|1
https://api.github.com/users/KevinBatdorf|1
https://api.github.com/users/dgwyer|1
https://api.github.com/users/raulra08|1
https://api.github.com/users/gorums|1
https://api.github.com/users/codingCookie|1
https://api.github.com/users/Stanleyckt|1
https://api.github.com/users/dcampoy|3
https://api.github.com/users/Max-Liu|1
https://api.github.com/users/martinwalsh|1
https://api.github.com/users/kaustubhn|1
https://api.github.com/users/elysiantech|3
https://api.github.com/users/NetBUG|1
https://api.github.com/users/veeragoni|1
https://api.github.com/users/jansriram|3
https://api.github.com/users/believeyrc|1
https://api.github.com/users/teehurme|1
https://api.github.com/users/stkao05|1
https://api.github.com/users/alasdaircoull|3
https://api.github.com/users/kaandedeoglu|1
https://api.github.com/users/Mohitkumar|1
https://api.github.com/users/maelcaldas|1
https://api.github.com/users/cezarlamann|1
https://api.github.com/users/suvil|1
https://api.github.com/users/code-rhino|3
https://api.github.com/users/ColinTWilliams|1
https://api.github.com/users/hiszpanski|1
https://api.github.com/users/fenoch4real|1
https://api.github.com/users/ashokpeeta|1
https://api.github.com/users/alvinvogelzang|1
https://api.github.com/users/ylchern|1
https://api.github.com/users/smartexpert|1
https://api.github.com/users/cadl|1
https://api.github.com/users/aenfield|1
https://api.github.com/users/matthewspear|1
https://api.github.com/users/fkuhne|1
https://api.github.com/users/itamblyn|1
https://api.github.com/users/JaySurplus|1
https://api.github.com/users/laishzh|1
https://api.github.com/users/jar3k|1
https://api.github.com/users/igor92128|1
https://api.github.com/users/austinwang0307|1
https://api.github.com/users/StijnDebackere|3
https://api.github.com/users/Rigel772|3
https://api.github.com/users/clabra|1
https://api.github.com/users/ogilvyC|1
https://api.github.com/users/haidahaha|3
https://api.github.com/users/ShirodkarTejas|1
https://api.github.com/users/gnufeng|1
https://api.github.com/users/tiagofrepereira2012|3
https://api.github.com/users/catarina-moreira|1
https://api.github.com/users/kollipara|1
https://api.github.com/users/bohoro|1
https://api.github.com/users/mandarbapaye|1
https://api.github.com/users/wuzesheng|1
https://api.github.com/users/b2renger|1
https://api.github.com/users/snejati86|1
https://api.github.com/users/JadHADDAD92|1
https://api.github.com/users/paopow|1
https://api.github.com/users/mohammad7t|1
https://api.github.com/users/absolutelyharsh|1
https://api.github.com/users/vkocaman|1
https://api.github.com/users/Franklyn1987|1
https://api.github.com/users/sivakumarlakkoju|1
https://api.github.com/users/apaarsinha|1
https://api.github.com/users/rahulsevakula|1
https://api.github.com/users/ghShu|1
https://api.github.com/users/The-Inscrutable-X|1
https://api.github.com/users/panozhan|1
https://api.github.com/users/CourageSean|1
https://api.github.com/users/0xfedcafe|1
https://api.github.com/users/araji-collibra|1
https://api.github.com/users/sriramrag|1
https://api.github.com/users/asifahmedfuad|1
https://api.github.com/users/albertoual|1
https://api.github.com/users/bennyweise|1
https://api.github.com/users/kumar-abhishek|1
https://api.github.com/users/binaryninja|3
https://api.github.com/users/Auth3nticAI|1
https://api.github.com/users/msharmavikram|1
https://api.github.com/users/kabhinav|1
https://api.github.com/users/ivanorsolic|3
https://api.github.com/users/wwymak|3
https://api.github.com/users/fetchtv|1
https://api.github.com/users/vladvino|1
https://api.github.com/users/sourabh2k15|1
https://api.github.com/users/soze316|1
https://api.github.com/users/santapo|1
https://api.github.com/users/o2alexanderfedin|1
https://api.github.com/users/oscaromsn|1
https://api.github.com/users/franzolka|1
https://api.github.com/users/balaprasanna|3
https://api.github.com/users/martymcenroe|1
https://api.github.com/users/bkanaki|1
https://api.github.com/users/eatlantis|1
https://api.github.com/users/liuxpro|1
https://api.github.com/users/yufengg|3
https://api.github.com/users/alejandroOPI|3
https://api.github.com/users/rgga-16|1
https://api.github.com/users/Dmm0777|1
https://api.github.com/users/bqcao|1
https://api.github.com/users/Kunjan|1
https://api.github.com/users/Aleksoz|3
https://api.github.com/users/rg3l3dr|1
https://api.github.com/users/muratcankoylan|1
https://api.github.com/users/sjack1017|1
https://api.github.com/users/KrzysztofSkrzypski|1
https://api.github.com/users/miniweeds|1
https://api.github.com/users/menon92|1
https://api.github.com/users/shiv19|1
https://api.github.com/users/rkrishnasanka|1
https://api.github.com/users/victor-hsiao|1
https://api.github.com/users/yrioual|1
https://api.github.com/users/nninghk|1
https://api.github.com/users/raviknits|1
https://api.github.com/users/hqng|1
https://api.github.com/users/LeHoangTuanbk|1
https://api.github.com/users/Pi-Akash|1
https://api.github.com/users/binglord|1
https://api.github.com/users/omergra|1
https://api.github.com/users/Mattral|1
https://api.github.com/users/justin-barton|1
https://api.github.com/users/dmantovani-am|1
https://api.github.com/users/gowsiany|1
https://api.github.com/users/devforma|1
https://api.github.com/users/Navoditamathur|1
https://api.github.com/users/timgrossmann|1
https://api.github.com/users/liweixiaogui10|1
https://api.github.com/users/dev-Roshan-lab|1
https://api.github.com/users/theschoolofai|1
https://api.github.com/users/mathusuthan|1
https://api.github.com/users/mohamedelmesawy|1
https://api.github.com/users/jsj14|3
https://api.github.com/users/robertclancy|1
https://api.github.com/users/djfrancesco|1
https://api.github.com/users/tharpa|1
https://api.github.com/users/provezano|1
https://api.github.com/users/Kastakin|1
https://api.github.com/users/GuptaAditya95|1
https://api.github.com/users/aziemski|1
https://api.github.com/users/AhmadShaik|1
https://api.github.com/users/dsharmabtg|3
https://api.github.com/users/GiannisProkopiouOrfium|1
https://api.github.com/users/eyalliebermann|3
https://api.github.com/users/kmilych|1
https://api.github.com/users/Kaktusava|1
https://api.github.com/users/Fluxkom|1
https://api.github.com/users/TecOrb-Developers|1
https://api.github.com/users/abrkamalov|1
https://api.github.com/users/johncordeiro|3
https://api.github.com/users/aly-bahaa|1
https://api.github.com/users/GhennadiiMir|1
https://api.github.com/users/mpazaryna|1
https://api.github.com/users/vonrafael|1
https://api.github.com/users/shanifdhanani|1
https://api.github.com/users/quickSilverShanks|1
https://api.github.com/users/pasovsky|1
https://api.github.com/users/nile649|1
https://api.github.com/users/juancopi81|1
https://api.github.com/users/dasirra|3
https://api.github.com/users/jxxtin|1
https://api.github.com/users/Pwntus|1
https://api.github.com/users/markdimi|3
https://api.github.com/users/suizongbuhenatie|1
https://api.github.com/users/BlazeGAI|1
https://api.github.com/users/samuel-lwl|1
https://api.github.com/users/Iftikaralam2021|1
https://api.github.com/users/codeandcodes|1
https://api.github.com/users/idjey|1
https://api.github.com/users/singhmnprt01|1
https://api.github.com/users/AgarwalPragy|1
https://api.github.com/users/aryamasingh|1
https://api.github.com/users/yulonghui|1
https://api.github.com/users/AniLeo-01|1
https://api.github.com/users/QikeLi|3
https://api.github.com/users/surajshivkumar|1
https://api.github.com/users/abhincho|1
https://api.github.com/users/simhallq|1
https://api.github.com/users/VladimirStarostenkov|1
https://api.github.com/users/sanster9292|1
https://api.github.com/users/weelzo|1
https://api.github.com/users/ruimalheiro|1
https://api.github.com/users/kl0211|1
https://api.github.com/users/mlhoque|1
https://api.github.com/users/18amanbansal|1
https://api.github.com/users/GeekDadKevin|1
https://api.github.com/users/kkyy3402|1
https://api.github.com/users/Binah-CS|1
https://api.github.com/users/alimasri|1
https://api.github.com/users/fasilmveloor|1
https://api.github.com/users/450586509|1
https://api.github.com/users/leejnau|1
https://api.github.com/users/n1603|1
https://api.github.com/users/LvXinTao|1
https://api.github.com/users/KalyanbrataMaity|1
https://api.github.com/users/apalkoff|1
https://api.github.com/users/tolyod|1
https://api.github.com/users/sukuya|1
https://api.github.com/users/Ojda22|1
https://api.github.com/users/pelegb|3
https://api.github.com/users/bvasil|1
https://api.github.com/users/DominiquePaul|1
https://api.github.com/users/nibzard|3
https://api.github.com/users/snsrinivasavundavalli|1
https://api.github.com/users/DmitryKutsev|1
https://api.github.com/users/iyesin|1
https://api.github.com/users/shokirovnozir|1
https://api.github.com/users/shvartzdev|1
https://api.github.com/users/singhdavinderpa1|1
https://api.github.com/users/or-SX|1
https://api.github.com/users/siryaya|1
https://api.github.com/users/ZeerhoK|1
https://api.github.com/users/ashleyjhsu|1
https://api.github.com/users/CaryCS-GUO|1
https://api.github.com/users/nefastosaturo|1
https://api.github.com/users/Shorya-agarwal|1
https://api.github.com/users/shermify|1
https://api.github.com/users/TiesenX|1
https://api.github.com/users/liangli217|1
https://api.github.com/users/ShriramSunderr|1
https://api.github.com/users/nkhajouei|1
https://api.github.com/users/fillassuncao|1
https://api.github.com/users/ArthrowAbstract|1
https://api.github.com/users/ay34|1
https://api.github.com/users/gotoxavier2333|1
https://api.github.com/users/danielmicoski|1
https://api.github.com/users/whitedogedev|1
https://api.github.com/users/sidharthg|1
https://api.github.com/users/julianaddison|1
https://api.github.com/users/iamheavymetalx7|1
https://api.github.com/users/amitport|1
https://api.github.com/users/jessenyu|1
https://api.github.com/users/shdqcdsn|1
https://api.github.com/users/shangobashi|1
https://api.github.com/users/BeardedAmbivert|1
https://api.github.com/users/SamujjwalSam|1
https://api.github.com/users/ArturKotAllegro|1
https://api.github.com/users/No-Cash-7970|1
https://api.github.com/users/EdKamau|1
https://api.github.com/users/forgedhallpass|1
https://api.github.com/users/ParadoxAndAporia|1
https://api.github.com/users/tmohn|1
https://api.github.com/users/Hemang71|1
https://api.github.com/users/manuelventero|1
https://api.github.com/users/Patryk-Git|1
https://api.github.com/users/postc0de|1
https://api.github.com/users/doYrobot|1
https://api.github.com/users/lochansurya|1
https://api.github.com/users/airar-dev|1
https://api.github.com/users/saugatach|1
https://api.github.com/users/tulasiedpuganti|1
https://api.github.com/users/manas-maheshwari|1
https://api.github.com/users/luke-harriman|1
https://api.github.com/users/jkwening|1
https://api.github.com/users/babakbehzad|1
https://api.github.com/users/BirchKwok|1
https://api.github.com/users/philipglazman|1
https://api.github.com/users/PRANJALRANA11|1
https://api.github.com/users/aalvan|1
https://api.github.com/users/lihux25|3
https://api.github.com/users/kailliang|1
https://api.github.com/users/hdocmsu|1
https://api.github.com/users/gcwenger|1
https://api.github.com/users/sswt|1
https://api.github.com/users/VachanVY|1
https://api.github.com/users/mm2623|1
https://api.github.com/users/nongiga|1
https://api.github.com/users/nguyen-dhn|1
https://api.github.com/users/iBreaker|1
https://api.github.com/users/sarath-soman|1
https://api.github.com/users/a1rom|1
https://api.github.com/users/WojciechMankowski|1
https://api.github.com/users/Fawziya|3
https://api.github.com/users/Ingmardam|1
https://api.github.com/users/Royalvice|1
https://api.github.com/users/fasttrack-zz|3
https://api.github.com/users/Alexanderms36|1
https://api.github.com/users/nanaagyei|1
https://api.github.com/users/sahi-mfg|1
https://api.github.com/users/weiweizhan|1
https://api.github.com/users/pwaila|1
https://api.github.com/users/zainhas|1
https://api.github.com/users/olendino|1
https://api.github.com/users/ZorkJ|1
https://api.github.com/users/mrayush18|1
https://api.github.com/users/Ramzes30765|1
https://api.github.com/users/Ku1016|1
https://api.github.com/users/amitj-humanic|1
https://api.github.com/users/thanhduycao|1
https://api.github.com/users/cognaiger|1
https://api.github.com/users/Dicshui|1
https://api.github.com/users/akvish|1
https://api.github.com/users/LeoMcBills|1
https://api.github.com/users/Roman-212|1
https://api.github.com/users/Summer723|1
https://api.github.com/users/hotpapers|1
https://api.github.com/users/vaperrin|1
https://api.github.com/users/jonathanatuscpsu|1
https://api.github.com/users/babdulhakim2|1
https://api.github.com/users/Ravikiran-Bhonagiri|1
https://api.github.com/users/alokdidde|3
https://api.github.com/users/slcheng97|1
https://api.github.com/users/pavan-b|1
https://api.github.com/users/willstar777|1
https://api.github.com/users/tranquilfire|1
https://api.github.com/users/JulianSprung|1
https://api.github.com/users/georgebassem111|1
https://api.github.com/users/kleffy|1
https://api.github.com/users/Ayobamiu|1
https://api.github.com/users/amashrabov|1
https://api.github.com/users/haochuan-li|1
https://api.github.com/users/suiguoxin|1
https://api.github.com/users/mwaaas|3
https://api.github.com/users/radka-j|1
https://api.github.com/users/kartikh26|1
https://api.github.com/users/bowersj27|1
https://api.github.com/users/keiraqz|1
https://api.github.com/users/wilsonjr|1
https://api.github.com/users/Ayke|1
https://api.github.com/users/kakashiio|1
https://api.github.com/users/tocheng|1
https://api.github.com/users/1350lumen|1
https://api.github.com/users/drcharlesmiller|1
https://api.github.com/users/v1shwa|1
https://api.github.com/users/ghantasunil|1
https://api.github.com/users/icefree|1
https://api.github.com/users/kaiwisdom|1
https://api.github.com/users/79man|1
https://api.github.com/users/Jamleck|1
https://api.github.com/users/ArunkumarRamanan|1
https://api.github.com/users/Geoff-Ford|1
https://api.github.com/users/dvah|1
https://api.github.com/users/ckunkel|1
https://api.github.com/users/agogodavid|1
https://api.github.com/users/danielrid|1
https://api.github.com/users/cwestergren|1
https://api.github.com/users/chinmusique|1
https://api.github.com/users/alphadai|1
https://api.github.com/users/gjwang|1
https://api.github.com/users/nutcrackers2|1
https://api.github.com/users/krkrreddy|1
https://api.github.com/users/ariapoy|1
https://api.github.com/users/maoxiangyi|1
https://api.github.com/users/niuox|1
https://api.github.com/users/gratchie|1
https://api.github.com/users/skew202|1
https://api.github.com/users/marcello10|1
https://api.github.com/users/meule|1
https://api.github.com/users/wangzheallen|1
https://api.github.com/users/HareshKarnan|1
https://api.github.com/users/roshan92|1
https://api.github.com/users/wes4m|1
https://api.github.com/users/pydong|1
https://api.github.com/users/LiloD|1
https://api.github.com/users/vanclute|1
https://api.github.com/users/sevmardi|1
https://api.github.com/users/mdb42|1
https://api.github.com/users/mdevans|1
https://api.github.com/users/fangxuke19|1
https://api.github.com/users/arbaaz|1
https://api.github.com/users/bohachevskyy|1
https://api.github.com/users/hanzmyco|1
https://api.github.com/users/haicg|1
https://api.github.com/users/chineseabacus|1
https://api.github.com/users/kylepeeler|1
https://api.github.com/users/anilyesilkaya|1
https://api.github.com/users/bigjosh|1
https://api.github.com/users/ivvvve|1
https://api.github.com/users/ElCuboNegro|1
https://api.github.com/users/varunns|1
https://api.github.com/users/mohammadnaseri|1
https://api.github.com/users/fabian-|1
https://api.github.com/users/ILIYANGERMANOV|1
https://api.github.com/users/CrossD|1
https://api.github.com/users/r0xsh|1
https://api.github.com/users/rasbt|1
https://api.github.com/users/joycgj|1
https://api.github.com/users/vicnaum|1
https://api.github.com/users/ralph-m|1
https://api.github.com/users/Heronalps|1
https://api.github.com/users/NiceChildHQ|1
https://api.github.com/users/rrishabh|1
https://api.github.com/users/weberhen|1
https://api.github.com/users/roshanaz|1
https://api.github.com/users/akhillb|1
https://api.github.com/users/diagonjope|1
https://api.github.com/users/YeshaS93|1
https://api.github.com/users/nzmark|1
https://api.github.com/users/HuaizhengZhang|1
https://api.github.com/users/aaronshihero|1
https://api.github.com/users/willbearlee|1
https://api.github.com/users/MyDogTom|1
https://api.github.com/users/keyuebao|1
https://api.github.com/users/arulmanisi|1
https://api.github.com/users/shahrukhx01|1
https://api.github.com/users/itacdonev|1
https://api.github.com/users/raulpuente|1
https://api.github.com/users/davizucon|1
https://api.github.com/users/djongin|1
https://api.github.com/users/tejussawjiani|1
https://api.github.com/users/Jonarod|1
https://api.github.com/users/paul-peters|1
https://api.github.com/users/wbhm|1
https://api.github.com/users/c9n|1
https://api.github.com/users/KevinLinGit|1
https://api.github.com/users/junlinghu|1
https://api.github.com/users/nielsenjared|1
https://api.github.com/users/elnaaz|1
https://api.github.com/users/madroidmaq|1
https://api.github.com/users/sqliang|1
https://api.github.com/users/svelts|1
https://api.github.com/users/georgestephenson|1
https://api.github.com/users/vinitvyas09|1
https://api.github.com/users/M-VS-V|1
https://api.github.com/users/dan300|1
https://api.github.com/users/Jasonzhaochen|1
https://api.github.com/users/raveem|1
https://api.github.com/users/yesyod|1
https://api.github.com/users/sarthaks18|1
https://api.github.com/users/alexfilothodoros|1
https://api.github.com/users/sporch08|1
https://api.github.com/users/udapy|1
https://api.github.com/users/acambray|1
https://api.github.com/users/lspinheiro|1
https://api.github.com/users/CorradoLanera|1
https://api.github.com/users/codingdrone|1
https://api.github.com/users/tizol|1
https://api.github.com/users/MMaggieZhou|1
https://api.github.com/users/iBibek|1
https://api.github.com/users/zoloale|1
https://api.github.com/users/mariohuizar|1
https://api.github.com/users/tcrouchcalif|1
https://api.github.com/users/fcrimins|1
https://api.github.com/users/aadityadar|1
https://api.github.com/users/Jiaming-X|1
