https://api.github.com/users/graves557|3
https://api.github.com/users/kuashio|1
https://api.github.com/users/smoser-LiL|7
https://api.github.com/users/svodnik|5
https://api.github.com/users/tdmalone|1
https://api.github.com/users/mor10|3
https://api.github.com/users/davidgassner|3
https://api.github.com/users/sharongao|3
https://api.github.com/users/LinkedIn-Learning-A1|5
https://api.github.com/users/scottsimpson|1
https://api.github.com/users/yangcebj|1
https://api.github.com/users/githubelliottharry|1
https://api.github.com/users/kishoreuppala|1
https://api.github.com/users/sharmaguides|1
https://api.github.com/users/jenansaadatmand|1
https://api.github.com/users/bobvanluijt|3
https://api.github.com/users/rockyrooster|1
https://api.github.com/users/jerin-mx|1
https://api.github.com/users/msaipraneeth2001|1
https://api.github.com/users/mailmahee|1
https://api.github.com/users/ravidsinghbiz|1
https://api.github.com/users/RahulBisht001|1
https://api.github.com/users/maliyusuf|1
https://api.github.com/users/AngusMaiden|1
https://api.github.com/users/rfprod|1
https://api.github.com/users/SrfFshn|1
https://api.github.com/users/VinodAnbalagan|1
https://api.github.com/users/abms26|1
https://api.github.com/users/shawnstarbird-powerschool|1
https://api.github.com/users/Abishethvarman|1
https://api.github.com/users/vix95|1
https://api.github.com/users/irafayabdul|1
https://api.github.com/users/adventcavalier|1
https://api.github.com/users/BABJI-AWS-TRAINER|1
https://api.github.com/users/kingman11111|1
https://api.github.com/users/kuafou|1
https://api.github.com/users/zainhas|1
https://api.github.com/users/egarcia-lil|1
https://api.github.com/users/lucidrains|1
https://api.github.com/users/karpathy|1
https://api.github.com/users/hkproj|1
https://api.github.com/users/jalammar|1
https://api.github.com/users/kimiyoung|1
https://api.github.com/users/Newmu|1
https://api.github.com/users/etiennedi|1
https://api.github.com/users/elhamdolatabadi|1
https://api.github.com/users/weaviate|1
https://api.github.com/users/MarioSieg|1
https://api.github.com/users/tanishqkumar|1
https://api.github.com/users/anthropics|1
https://api.github.com/users/elder-plinius|1
https://api.github.com/repos/ShaanJ20/alanhamlett|1
https://api.github.com/repos/ShaanJ20/coding-interview-university|1
https://api.github.com/repos/ShaanJ20/Health-Management-System|3
https://api.github.com/repos/ShaanJ20/Learning-React|3
https://api.github.com/repos/ShaanJ20/Moneyofthings|5
https://api.github.com/repos/ShaanJ20/Projects-and-RoadMap|5
https://api.github.com/repos/ShaanJ20/Read-My-Newspaper|5
https://api.github.com/repos/ShaanJ20/shaan-portfolio|3
https://api.github.com/repos/ShaanJ20/ShaanJ20|3
https://api.github.com/repos/ShaanJ20/Splitterapp-Tip-calculator|3
https://api.github.com/repos/ShaanJ20/stoicc|3
https://api.github.com/repos/karpathy/LLM101n|1
https://api.github.com/repos/fal-ai-community/infinite-kanvas|1
https://api.github.com/repos/YuvrajSingh-mist/Paper-Replications|1
https://api.github.com/repos/cneuralnetwork/research-internships|1
https://api.github.com/repos/cneuralnetwork/Company-Links|1
https://api.github.com/repos/shadcn-ui/ui|1
https://api.github.com/repos/dair-ai/ML-YouTube-Courses|1
https://api.github.com/repos/f/awesome-chatgpt-prompts|1
https://api.github.com/repos/deepseek-ai/DeepSeek-V3|3
https://api.github.com/repos/karpathy/nanoGPT|1
https://api.github.com/repos/MagicMirrorOrg/MagicMirror|1
https://api.github.com/repos/juliangarnier/anime|1
https://api.github.com/repos/FreyaHolmer/Mathfs|1
https://api.github.com/repos/roksenhorn/puzzle-bot|1
https://api.github.com/repos/tkrajina/10000sentences|1
https://api.github.com/repos/librarianofbabel/libraryofbabel.info-algo|1
https://api.github.com/repos/twitter/the-algorithm|1
https://api.github.com/repos/streetwriters/notesnook|1
https://api.github.com/repos/opentoonz/opentoonz|1
https://api.github.com/repos/spacedriveapp/spacedrive|1
https://api.github.com/repos/GorvGoyl/Clone-Wars|1
https://api.github.com/repos/phuocng/csslayout|1
https://api.github.com/repos/suhailkakar/Decentralized-YouTube|1
https://api.github.com/repos/pondorasti/alexandru|1
https://api.github.com/repos/DulLabs/bhai-lang|1
https://api.github.com/repos/CamSkiTheDev/Google-Calendar-NodeJS-App|1
https://api.github.com/repos/alyssaxuu/omni|1
https://api.github.com/repos/rishimohan/pika|1
https://api.github.com/repos/tauri-apps/tauri|1
https://api.github.com/repos/bradtraversy/design-resources-for-developers|1
https://api.github.com/repos/supabase/supabase|1
https://api.github.com/repos/cristicretu/cretu.dev|1
https://api.github.com/repos/rauchg/blog|1
https://api.github.com/repos/brianlovin/briOS|1
https://api.github.com/repos/apasccon/SearchTextField|1
https://api.github.com/repos/glauberfc/awesome-react-hooks|1
https://api.github.com/repos/geist-org/geist-ui|1
https://api.github.com/repos/radix-ui/primitives|1
https://api.github.com/repos/timolins/react-hot-toast|1
https://api.github.com/repos/remotion-dev/remotion|1
https://api.github.com/repos/boringdesigners/boring-avatars|1
https://api.github.com/repos/solidjs/solid|1
https://api.github.com/repos/tinymce/tinymce|1
https://api.github.com/repos/withfig/autocomplete|1
https://api.github.com/repos/mantinedev/mantine|1
https://api.github.com/repos/microsoft/vscode|1
https://api.github.com/repos/huggingface/transformers|1
https://api.github.com/repos/cypress-io/cypress|1
https://api.github.com/repos/DevToys-app/DevToys|1
https://api.github.com/repos/yocontra/react-responsive|1
https://api.github.com/repos/DustinBrett/daedalOS|1
https://api.github.com/repos/jamiebuilds/tinykeys|1
https://api.github.com/repos/BoostIO/BoostNote-App|1
https://api.github.com/repos/strapi/strapi|1
https://api.github.com/repos/RunaCapital/awesome-oss-alternatives|1
https://api.github.com/repos/Budibase/budibase|1
https://api.github.com/repos/pmndrs/jotai|1
https://api.github.com/repos/willjw3/react-electron|1
https://api.github.com/repos/HashLips/generative-art-opensource|1
https://api.github.com/repos/heroui-inc/heroui|1
https://api.github.com/repos/mui/material-ui|1
https://api.github.com/repos/JohannesKlauss/react-hotkeys-hook|1
https://api.github.com/repos/KurtBestor/Hitomi-Downloader|1
https://api.github.com/repos/files-community/Files|1
https://api.github.com/repos/transitive-bullshit/create-react-library|1
https://api.github.com/repos/jasminmif/react-interactive-paycard|1
https://api.github.com/repos/dailydotdev/daily|1
https://api.github.com/repos/abhijithvijayan/web-extension-starter|1
https://api.github.com/repos/adrianhajdin/project_graphql_blog|1
https://api.github.com/repos/alii/use-last-fm|1
https://api.github.com/repos/PuruVJ/macos-web|1
https://api.github.com/repos/avneesh0612/ChatCube|1
https://api.github.com/repos/HashLips/hashlips_art_engine|1
https://api.github.com/repos/Weird-Whales/images|1
https://api.github.com/repos/benyaminahmed/nft-image-generator|1
https://api.github.com/repos/arpit456jain/Amazing-Css-Effects|1
https://api.github.com/repos/AutomaApp/automa|1
https://api.github.com/repos/sdmg15/Best-websites-a-programmer-should-visit|1
https://api.github.com/repos/uiwjs/react-codemirror|1
https://api.github.com/repos/craftzdog/craftzdog-homepage|1
https://api.github.com/repos/TryGhost/Ghost|1
https://api.github.com/repos/enaqx/awesome-react|1
https://api.github.com/repos/duytq94/reactjs-chat-demo|1
https://api.github.com/repos/yoksel/grid-cheatsheet|1
https://api.github.com/repos/codingwithjustin/react-electron|1
https://api.github.com/repos/datreeio/datree|1
https://api.github.com/repos/dicebear/dicebear|1
https://api.github.com/repos/public-apis/public-apis|1
https://api.github.com/repos/abelljs/abell|1
https://api.github.com/repos/Python-World/python-mini-projects|1
https://api.github.com/repos/codecrafters-io/build-your-own-x|3
https://api.github.com/repos/simov/grant|1
https://api.github.com/repos/sindresorhus/awesome-nodejs|1
https://api.github.com/repos/practical-tutorials/project-based-learning|1
https://api.github.com/repos/joestump/python-oauth2|1
https://api.github.com/repos/auth0/express-openid-connect|1
https://api.github.com/repos/spotDL/spotify-downloader|1
https://api.github.com/repos/duo-labs/py_webauthn|1
https://api.github.com/repos/microsoft/PowerToys|1
https://api.github.com/repos/sindresorhus/awesome-electron|1
https://api.github.com/repos/ParthJadhav/Tkinter-Designer|1
https://api.github.com/repos/Squirrel/Squirrel.Windows|1
https://api.github.com/repos/dogecoin/dogecoin|1
https://api.github.com/repos/github-education-resources/GitHubGraduation-2021|1
https://api.github.com/repos/github-education-resources/graduation|1
https://api.github.com/repos/LeCoupa/awesome-cheatsheets|1
https://api.github.com/repos/alyssaxuu/screenity|1
https://api.github.com/repos/poojan2312/Vealize|1
https://api.github.com/repos/Sanchit-Jain07/Spotify-Stats|1
https://api.github.com/repos/navinreddy20/Python-|1
https://api.github.com/repos/florinpop17/app-ideas|1
https://api.github.com/repos/donnemartin/system-design-primer|1
https://api.github.com/repos/TheAlgorithms/Python|3
https://api.github.com/repos/yangshun/tech-interview-handbook|1
https://api.github.com/repos/sindresorhus/awesome|1
https://api.github.com/repos/Melvin-Abraham/Google-Assistant-Unofficial-Desktop-Client|3
https://api.github.com/repos/EbookFoundation/free-programming-books|1
https://api.github.com/repos/kallaway/100-days-of-code|1
https://api.github.com/repos/gitlabhq/gitlabhq|1
https://api.github.com/repos/jwasham/computer-science-flash-cards|1
https://api.github.com/repos/getify/You-Dont-Know-JS|1
https://api.github.com/repos/jwasham/coding-interview-university|3
https://api.github.com/repos/vinta/awesome-python|1
https://api.github.com/repos/ryanmcdermott/clean-code-javascript|1
https://api.github.com/repos/freeCodeCamp/how-to-contribute-to-open-source|1
https://api.github.com/repos/Syknapse/Contribute-To-This-Project|1
https://api.github.com/repos/firstcontributions/first-contributions|3
https://api.github.com/repos/karan/Projects|1
https://api.github.com/repos/jalbertsr/react-twitter-clone|1
https://api.github.com/repos/clementmihailescu/Pathfinding-Visualizer-Tutorial|1
https://api.github.com/repos/kamranahmedse/developer-roadmap|1
https://api.github.com/repos/Netflix/netflix.github.com|1
https://api.github.com/repos/trekhleb/javascript-algorithms|3
https://api.github.com/repos/CleverProgrammer/cleverprogrammer_stuff|1
https://api.github.com/repos/microsoft/Web-Dev-For-Beginners|1
https://api.github.com/repos/gto76/python-cheatsheet|1
https://api.github.com/repos/electron/electron|1
https://api.github.com/repos/raycast/script-commands|1
https://api.github.com/repos/gridaco/grida|1
https://api.github.com/repos/Anuken/Mindustry|1
https://api.github.com/repos/00Bread00/Mindustry|1
https://api.github.com/repos/00Bread00/watermelonbot|1
https://api.github.com/repos/kennarddh-mindustry/toast|1
https://api.github.com/repos/kennarddh-mindustry/genesis|1
https://api.github.com/repos/LinMindustry/CoreBot|1
https://api.github.com/repos/LinMindustry/LinMindustry.github.io|3
https://api.github.com/repos/LinMindustry/List-of-Dirty-Naughty-Obscene-and-Otherwise-Bad-Words|1
https://api.github.com/repos/LinMindustry/Mindustry|3
https://api.github.com/repos/LinMindustry/mindustry-client-v6|1
https://api.github.com/repos/LinMindustry/reimagined-journey|3
https://api.github.com/repos/labuladong/fucking-algorithm|3
https://api.github.com/repos/LinPsPs/Yelp-Crawler|7
https://api.github.com/repos/LinPsPs/CourseSiteGenerator|1
https://api.github.com/repos/LinPsPs/forum|3
https://api.github.com/repos/LinPsPs/genshin-impact-helper|1
https://api.github.com/repos/LinPsPs/GUI_for_cGAN|5
https://api.github.com/repos/LinPsPs/How_to_Build_Chromium_OS|5
https://api.github.com/repos/LinPsPs/LinPsPs.github.io|1
https://api.github.com/repos/LinPsPs/MathTools|3
https://api.github.com/repos/LinPsPs/Project-Academic|3
https://api.github.com/repos/LinPsPs/random-scripts|3
https://api.github.com/repos/LinPsPs/redistricting-server|3
https://api.github.com/repos/LinPsPs/SBU-Parking|3
https://api.github.com/repos/LinPsPs/simple-docker|3
https://api.github.com/repos/LinPsPs/StockTradingSystem|5
https://api.github.com/repos/chubin/wttr.in|3
https://api.github.com/repos/achillesrasquinha/pipupgrade|1
https://api.github.com/repos/loshine/flutter-nga|1
https://api.github.com/repos/flutter-stripe/flutter_stripe|1
https://api.github.com/repos/leoafarias/sidekick|1
https://api.github.com/repos/Dark-Sword-22/danmuG|1
https://api.github.com/repos/fengjueming/unblock-NetEaseMusic|1
https://api.github.com/repos/torvalds/linux|3
https://api.github.com/repos/abraunegg/onedrive|1
https://api.github.com/repos/jackfrued/Python-100-Days|1
https://api.github.com/repos/MLEveryday/100-Days-Of-ML-Code|1
https://api.github.com/repos/996icu/996.ICU|3
https://api.github.com/repos/nmaggioni/r710-fan-controller|1
https://api.github.com/users/mitsuhiko|1
https://api.github.com/users/cbiffle|1
https://api.github.com/users/bcantrill|1
https://api.github.com/users/connermcd|1
https://api.github.com/users/mkeeter|1
https://api.github.com/users/Gankra|1
https://api.github.com/users/spacekitteh|1
https://api.github.com/users/hawkw|1
https://api.github.com/users/karaiwulf|1
https://api.github.com/users/labbott|1
https://api.github.com/users/TheEnbyperor|1
https://api.github.com/users/superwhiskers|1
https://api.github.com/users/p01arst0rm|1
https://api.github.com/users/diodelass|1
https://api.github.com/users/barzamin|1
https://api.github.com/users/estroBiologist|1
https://api.github.com/users/ariankordi|1
https://api.github.com/users/NicholasBlackburn1|1
https://api.github.com/users/EnergeticBark|1
https://api.github.com/users/monarrk|1
https://api.github.com/users/goshhhy|1
https://api.github.com/users/mocchapi|1
https://api.github.com/users/oxidecomputer|1
https://api.github.com/users/comfycharlotte|1
https://api.github.com/users/rosalinaowo|1
https://api.github.com/users/James-Thorson|9
https://api.github.com/users/noblehendrix|1
https://api.github.com/users/fcaltabellotta|1
https://api.github.com/users/MauroMardones|1
https://api.github.com/users/barrowsys|1
https://api.github.com/users/chengmatt|3
https://api.github.com/users/jimianelli|1
https://api.github.com/users/kellijohnson-NOAA|1
https://api.github.com/users/curryc2|1
https://api.github.com/users/GiancarloMCorrea|1
https://api.github.com/users/Ovec8hkin|1
https://api.github.com/users/dgoethel|1
https://api.github.com/users/grantdadams|3
https://api.github.com/users/lindsayturner|1
https://api.github.com/users/BenWilliams-NOAA|1
https://api.github.com/users/haleyoleynik|1
https://api.github.com/users/dgoethel-noaa|1
https://api.github.com/users/James-Thorson-NOAA|3
https://api.github.com/users/sgaichas|1
https://api.github.com/users/aw2113|1
https://api.github.com/users/kaskr|1
https://api.github.com/users/cheryl-barnes|1
https://api.github.com/users/agruss2|1
https://api.github.com/users/goldford|1
https://api.github.com/users/ebabcock|1
https://api.github.com/users/Josequinteromuentes|1
https://api.github.com/users/ChrisFishCahill|3
https://api.github.com/users/scottveirs|3
https://api.github.com/users/tyzissou|1
https://api.github.com/users/PaulRegular|1
https://api.github.com/users/jchampag|1
https://api.github.com/users/jshrov|1
https://api.github.com/users/mttomczak|1
https://api.github.com/users/francoisturcot|1
https://api.github.com/users/marchtaylor|1
https://api.github.com/users/CriscelyLP|1
https://api.github.com/users/BrendanTurley-NOAA|1
https://api.github.com/users/hmberger|3
https://api.github.com/users/Lewis-Barnett-NOAA|1
https://api.github.com/users/kricherson|1
https://api.github.com/users/flr|1
https://api.github.com/users/slarge|1
https://api.github.com/users/ericward-noaa|1
https://api.github.com/users/sophieclayton|3
https://api.github.com/users/ickaplan|1
https://api.github.com/users/tessington|1
https://api.github.com/users/jameals|1
https://api.github.com/users/Ewaldoj|1
https://api.github.com/users/paolabatta|1
https://api.github.com/users/leewujung|1
https://api.github.com/users/leviner|1
https://api.github.com/users/siedlesa|1
https://api.github.com/users/btphilip|1
https://api.github.com/users/daxsoule|1
https://api.github.com/users/aminilia|1
https://api.github.com/users/fogaren|1
https://api.github.com/users/kmcgarry17|1
https://api.github.com/users/jwhitaker17|1
https://api.github.com/users/jrudzin|1
https://api.github.com/users/mollyjames|1
https://api.github.com/users/MackenzieBlanusa|1
https://api.github.com/users/dnicholson|3
https://api.github.com/users/ethan-campbell|3
https://api.github.com/users/Eddebbar|3
https://api.github.com/users/ognancy4life|1
https://api.github.com/users/muhshif|1
https://api.github.com/users/AvantiShri|1
https://api.github.com/users/haijijielov|1
https://api.github.com/users/dhruvbalwada|1
https://api.github.com/users/ClaraCDouglas|1
https://api.github.com/users/MarufAdnan|1
https://api.github.com/users/87value|1
https://api.github.com/users/10Kang|1
https://api.github.com/users/cjz97|1
https://api.github.com/users/BWBlack|1
https://api.github.com/users/jesse-a|1
https://api.github.com/users/nobru-pereira|1
https://api.github.com/users/kefalc|1
https://api.github.com/users/adwnia19|1
https://api.github.com/users/louis-terrats|1
https://api.github.com/users/hbliu104|1
https://api.github.com/users/OceanOptics|1
https://api.github.com/users/SleepNap|1
https://api.github.com/users/boergeh|1
https://api.github.com/repos/aospan/aagetty|3
https://api.github.com/repos/aospan/anydetect|1
https://api.github.com/repos/aospan/bitcoinfibre|3
https://api.github.com/repos/aospan/caffe|3
https://api.github.com/repos/aospan/caffe-docker|3
https://api.github.com/repos/aospan/coding_onepager|5
https://api.github.com/repos/aospan/coreos-overlay|3
https://api.github.com/repos/aospan/docker-debian9-sshd|3
https://api.github.com/repos/aospan/docker-gstreamer-vaapi|3
https://api.github.com/repos/aospan/docker-minidlna|3
https://api.github.com/repos/aospan/docker-ocp|3
https://api.github.com/repos/aospan/docker-postfix|3
https://api.github.com/repos/aospan/docker-registry-with-letsencrypt-ssl|3
https://api.github.com/repos/aospan/docker-segnet|3
https://api.github.com/repos/aospan/docker-stt|3
https://api.github.com/repos/aospan/docker-tpm2-tools|3
https://api.github.com/repos/aospan/docker-tts|5
https://api.github.com/repos/aospan/DominoRobot-fork|1
https://api.github.com/repos/aospan/etcd-browser|3
https://api.github.com/repos/aospan/frigate|1
https://api.github.com/repos/aospan/get_miner_stats-docker|3
https://api.github.com/repos/aospan/grafana-docker|3
https://api.github.com/repos/aospan/grafana-with-plugins|3
https://api.github.com/repos/aospan/ipmitool|1
https://api.github.com/repos/aospan/joker-ap|3
https://api.github.com/repos/aospan/joker-net|3
https://api.github.com/repos/aospan/joker-player|3
https://api.github.com/repos/aospan/joker-power|3
https://api.github.com/repos/aospan/joker-tv-fpga|3
https://api.github.com/repos/aospan/joker-tv-hw|3
https://api.github.com/repos/aospan/joker-vnc|3
https://api.github.com/repos/aospan/js|3
https://api.github.com/repos/aospan/kaldi|3
https://api.github.com/repos/aospan/ksmbd-tools|1
https://api.github.com/repos/aospan/lede-linux-4.9.20|3
https://api.github.com/repos/aospan/libjokertv|5
https://api.github.com/repos/aospan/libusb|3
https://api.github.com/repos/aospan/linux|1
https://api.github.com/repos/aospan/linux-netup-1.4|3
https://api.github.com/repos/aospan/linux-next-bcm4708-edgecore-ecw7220-l|3
https://api.github.com/repos/aospan/linux-stable|3
https://api.github.com/repos/aospan/linux-stable-old|3
https://api.github.com/repos/aospan/linuxdeployqt|3
https://api.github.com/repos/aospan/mangrove|3
https://api.github.com/repos/aospan/mangrove-docker|3
https://api.github.com/repos/aospan/media_tree|3
https://api.github.com/repos/aospan/merlin|3
https://api.github.com/repos/aospan/merlin-tts|3
https://api.github.com/repos/aospan/NetUP_Dual_Universal_CI-fpga|3
https://api.github.com/repos/aospan/nvidia-jetson-linux-4.4|3
https://api.github.com/repos/aospan/old-linux-stable-netup-universal-dvb-1.4|3
https://api.github.com/repos/aospan/openecar_dashboard|3
https://api.github.com/repos/aospan/OpenExplorer|3
https://api.github.com/repos/aospan/openr|3
https://api.github.com/repos/aospan/openwrt|3
https://api.github.com/repos/aospan/ostree|1
https://api.github.com/repos/aospan/perception_models|1
https://api.github.com/repos/aospan/qtlocation|3
https://api.github.com/repos/aospan/qtserialbus|3
https://api.github.com/repos/aospan/satellite|3
https://api.github.com/repos/aospan/sbnb|1
https://api.github.com/repos/aospan/SegNet-Tutorial|3
https://api.github.com/repos/aospan/smart_fortwo_electric_charge_canbus|3
https://api.github.com/repos/aospan/snap-openwrt|3
https://api.github.com/repos/aospan/source|3
https://api.github.com/repos/aospan/sysinfo|3
https://api.github.com/repos/aospan/tokio|1
https://api.github.com/repos/aospan/tpm2-tools|1
https://api.github.com/repos/aospan/unified-food|1
https://api.github.com/repos/aospan/vlc-qt|3
https://api.github.com/repos/aospan/vtunerc-simple|3
https://api.github.com/repos/facebook/fboss|1
https://api.github.com/repos/open-compass/VLMEvalKit|1
https://api.github.com/repos/sbnb-io/gemma3n-profiling|1
https://api.github.com/repos/antimatter15/reverse-engineering-gemma-3n|1
https://api.github.com/repos/Rommagcom/agentic_ai_mcp|1
https://api.github.com/repos/torayeff/llamacon-hackathon-2025-sf|3
https://api.github.com/repos/run-llama/llama_index|1
https://api.github.com/repos/netbootxyz/netboot.xyz|1
https://api.github.com/repos/huggingface/smolagents|1
https://api.github.com/repos/intel/iaprof|1
https://api.github.com/repos/blakeblackshear/frigate|1
https://api.github.com/repos/NVlabs/describe-anything|3
https://api.github.com/repos/facebookresearch/perception_models|1
https://api.github.com/repos/byjlw/video-analyzer|3
https://api.github.com/repos/randombk/kllm|3
https://api.github.com/repos/allenai/olmocr|1
https://api.github.com/repos/ai-dynamo/dynamo|1
https://api.github.com/repos/budtmo/docker-android|1
https://api.github.com/repos/openai/SWELancer-Benchmark|1
https://api.github.com/repos/kkamagui/alcatraz|1
https://api.github.com/repos/astral-sh/uv|1
https://api.github.com/repos/deepseek-ai/open-infra-index|1
https://api.github.com/repos/Wan-Video/Wan2.1|1
https://api.github.com/repos/deepseek-ai/DeepSeek-R1|1
https://api.github.com/repos/deepseek-ai/3FS|1
https://api.github.com/repos/huggingface/gpu-fryer|1
https://api.github.com/repos/actions/runner-images|1
https://api.github.com/repos/m4wh6k/ansible-tailscale-inventory|1
https://api.github.com/repos/pg83/ix|1
https://api.github.com/repos/stal-ix/ix|1
https://api.github.com/repos/NVIDIA/nvtrust|1
https://api.github.com/repos/sbnb-io/sbnb|3
https://api.github.com/repos/kestra-io/kestra|1
https://api.github.com/repos/ekkinox/yai|3
https://api.github.com/repos/hyperlight-dev/hyperlight|1
https://api.github.com/repos/microsoft/openvmm|1
https://api.github.com/repos/shahifaqeer/netflow-anomaly-detector|1
https://api.github.com/repos/karpathy/llm.c|1
https://api.github.com/repos/stefanberger/swtpm|1
https://api.github.com/repos/philcali/kola2junit|1
https://api.github.com/repos/philcali/codebuild-coreos|1
https://api.github.com/repos/tpm2-software/tpm2-tools|1
https://api.github.com/repos/alexbaucom17/DominoRobot|1
https://api.github.com/repos/0xAX/linux-insides|1
https://api.github.com/repos/bionic/bionic|1
https://api.github.com/repos/Chocobozzz/PeerTube|1
https://api.github.com/repos/bitcoinfibre/bitcoinfibre|1
https://api.github.com/repos/amigo421/vlc-qt|3
https://api.github.com/repos/herrnst/dddvb-linux-kernel|3
https://api.github.com/repos/CSTR-Edinburgh/merlin|1
https://api.github.com/repos/SchmidChristian/ePaperDriver|1
https://api.github.com/repos/henszey/etcd-browser|1
https://api.github.com/repos/philemonf/libusb|1
https://api.github.com/repos/jokersys/libusb|1
https://api.github.com/repos/NousResearch/DisTrO|1
https://api.github.com/repos/anydetect/anydetect|1
https://api.github.com/repos/sbnb-io/.github|1
https://api.github.com/repos/HKUDS/Vimo|3
https://api.github.com/repos/hotyoyo/bisheng|1
https://api.github.com/repos/hotyoyo/BOAT|1
https://api.github.com/repos/hotyoyo/CodeFuse-CGM|1
https://api.github.com/repos/hotyoyo/Everlyn-1|1
https://api.github.com/repos/hotyoyo/hallo2|1
https://api.github.com/repos/hotyoyo/im-server|1
https://api.github.com/repos/hotyoyo/LightRAG|1
https://api.github.com/repos/hotyoyo/myWebServer|1
https://api.github.com/repos/hotyoyo/nexa-sdk|1
https://api.github.com/repos/hotyoyo/PuppetMaster|1
https://api.github.com/repos/hotyoyo/Re-Centris|1
https://api.github.com/repos/hotyoyo/Skywork-R1V|1
https://api.github.com/repos/hotyoyo/translate|1
https://api.github.com/repos/hotyoyo/tuyaopen|1
https://api.github.com/repos/hotyoyo/YiVal|1
https://api.github.com/repos/53AI/53AIHub|1
https://api.github.com/repos/JOHNNY-fans/TFRank|1
https://api.github.com/repos/R4be1/PuppetMaster|1
https://api.github.com/repos/Omni-Avatar/OmniAvatar|3
https://api.github.com/repos/sethGu/FinancialFraudDataGenerator|1
https://api.github.com/repos/CyrilFeng/karma|1
https://api.github.com/repos/skywf10/awesome-agent-business|1
https://api.github.com/repos/zhistaredu/StarTraining|1
https://api.github.com/repos/oinone/oinone-pamirs|1
https://api.github.com/repos/Klavis-AI/klavis|1
https://api.github.com/repos/Mai-xiyu/minecraft-mod-translator|3
https://api.github.com/repos/duixcom/Duix-Mobile|1
https://api.github.com/repos/Zefan-Cai/R-KV|1
https://api.github.com/repos/easydoc-ai/easydoc|1
https://api.github.com/repos/trestad/Noisy-Rewards-in-Learning-to-Reason|3
https://api.github.com/repos/Oneflow-Inc/oneflow|1
https://api.github.com/repos/xnx3/translate|1
https://api.github.com/repos/yikart/AiToEarn|1
https://api.github.com/repos/SharedType/sharedtype|1
https://api.github.com/repos/PKU-YuanGroup/NeuralGS|1
https://api.github.com/repos/YuxiaoWang-520/megatron-lm|1
https://api.github.com/repos/SkyworkAI/Skywork-R1V|1
https://api.github.com/repos/callous-youth/BOAT|1
https://api.github.com/repos/Fintech-Dreamer/FinSynth|1
https://api.github.com/repos/unifai-network/unifai-sdk-py|1
https://api.github.com/repos/facebookresearch/vggt|1
https://api.github.com/repos/tuya/TuyaOpen|1
https://api.github.com/repos/duixcom/Duix.Avatar|1
https://api.github.com/repos/FxPool/FXMinerProxy|1
https://api.github.com/repos/yunhaif/reflect-vlm|1
https://api.github.com/repos/wwhenxuan/PySDKit|1
https://api.github.com/repos/HJYao00/Mulberry|1
https://api.github.com/repos/SpaceTimee/Sheas-Cealer|1
https://api.github.com/repos/zuoyebang/bitalostored|1
https://api.github.com/repos/LazyAGI/LazyLLM|1
https://api.github.com/repos/nesaorg/nesa|1
https://api.github.com/repos/826148267/cjml_server|1
https://api.github.com/repos/byRen2002/Re-Centris|1
https://api.github.com/repos/NexaAI/nexa-sdk|1
https://api.github.com/repos/Everlyn-Labs/Everlyn-1|1
https://api.github.com/repos/fudan-generative-vision/hallo2|3
https://api.github.com/repos/HKUDS/LightRAG|3
https://api.github.com/repos/juggleim/im-server|1
https://api.github.com/repos/EOS-team/EOS|3
https://api.github.com/repos/fudan-generative-vision/hallo|1
https://api.github.com/repos/wuzhenyubuaa/ASTE-AL|1
https://api.github.com/repos/data-infra/cube-studio|1
https://api.github.com/repos/ethstorage/es-node|1
https://api.github.com/repos/EvilGenius-dot/RustMinerSystem|1
https://api.github.com/repos/microsoft/UFO|1
https://api.github.com/repos/Websoft9/websoft9|1
https://api.github.com/repos/TaskingAI/TaskingAI|1
https://api.github.com/repos/hitsz-ids/synthetic-data-generator|1
https://api.github.com/repos/dataelement/bisheng|1
https://api.github.com/repos/polyfillpolyfill/fetch|1
https://api.github.com/repos/codefuse-ai/CodeFuse-DevOps-Model|1
https://api.github.com/repos/codefuse-ai/codefuse-chatbot|1
https://api.github.com/repos/WuKongOpenSource/Wukong_KnowledgeBase|1
https://api.github.com/repos/WuKongOpenSource/Wukong_HRM|1
https://api.github.com/repos/MasterBin-IIAU/UNINEXT|1
https://api.github.com/repos/Docta-ai/docta|1
https://api.github.com/repos/lakesoul-io/LakeSoul|1
https://api.github.com/repos/kuafuai/DevOpsGPT|3
https://api.github.com/repos/TJU-DRL-LAB/AI-Optimizer|1
https://api.github.com/repos/FoundationAgents/MetaGPT|1
https://api.github.com/repos/InvisibleQAQ/OpenDiggerBigScreen|1
https://api.github.com/repos/roothide/Developer|1
https://api.github.com/repos/dgiot/dgiot|3
https://api.github.com/repos/YiVal/YiVal|1
https://api.github.com/repos/opentofu/manifesto|1
https://api.github.com/repos/a16z-infra/ai-town|1
https://api.github.com/repos/bcjordan/ace|3
https://api.github.com/repos/bcjordan/Agile-Book|3
https://api.github.com/repos/bcjordan/ai-town|1
https://api.github.com/repos/bcjordan/Algorithms-Study-Group|1
https://api.github.com/repos/bcjordan/apl-market-news-archive|3
https://api.github.com/repos/bcjordan/auto-bun-vite|1
https://api.github.com/repos/bcjordan/blockly|3
https://api.github.com/repos/bcjordan/blockly-core|3
https://api.github.com/repos/bcjordan/bootleg-stagram|3
https://api.github.com/repos/bcjordan/brian|3
https://api.github.com/repos/bcjordan/Browser-Pad|3
https://api.github.com/repos/bcjordan/bun-fullstack-websockets|3
https://api.github.com/repos/bcjordan/cdo-curriculum|3
https://api.github.com/repos/bcjordan/chrome-canvas-extension-template|3
https://api.github.com/repos/bcjordan/chrome-extension-realtime-web2img|3
https://api.github.com/repos/bcjordan/chrome-serial-app|1
https://api.github.com/repos/bcjordan/chrome-serialport|1
https://api.github.com/repos/bcjordan/circleci-docs|1
https://api.github.com/repos/bcjordan/City-Smarts|3
https://api.github.com/repos/bcjordan/ClipMenu|3
https://api.github.com/repos/bcjordan/code-dot-org|3
https://api.github.com/repos/bcjordan/code-problems|3
https://api.github.com/repos/bcjordan/codesprint|3
https://api.github.com/repos/bcjordan/colpick-jQuery-Color-Picker|1
https://api.github.com/repos/bcjordan/computer-visions|3
https://api.github.com/repos/bcjordan/converter|3
https://api.github.com/repos/bcjordan/course-v3|1
https://api.github.com/repos/bcjordan/create-react-app-auth-amplify|1
https://api.github.com/repos/bcjordan/ctf|3
https://api.github.com/repos/bcjordan/dashboard|3
https://api.github.com/repos/bcjordan/developer.github.com|3
https://api.github.com/repos/bcjordan/devstream.tv|1
https://api.github.com/repos/bcjordan/discord-rpc|1
https://api.github.com/repos/bcjordan/discourse|3
https://api.github.com/repos/bcjordan/docker-scriptcraft|3
https://api.github.com/repos/bcjordan/docs|1
https://api.github.com/repos/bcjordan/docs-1|1
https://api.github.com/repos/bcjordan/docs-2|1
https://api.github.com/repos/bcjordan/dotfiles|3
https://api.github.com/repos/bcjordan/dotfiles-2012|3
https://api.github.com/repos/bcjordan/droplet|1
https://api.github.com/repos/bcjordan/Eclipse-Workspace|3
https://api.github.com/repos/bcjordan/ElectionManager|3
https://api.github.com/repos/bcjordan/electron-quick-start|1
https://api.github.com/repos/bcjordan/eotwgame|3
https://api.github.com/repos/bcjordan/facebook-node|3
https://api.github.com/repos/bcjordan/falling-sand-partykit|3
https://api.github.com/repos/bcjordan/firmata-browserify-test|1
https://api.github.com/repos/bcjordan/firmata-webpack-test|1
https://api.github.com/repos/bcjordan/firmata.js|1
https://api.github.com/repos/bcjordan/Flappy-Native-Swift|3
https://api.github.com/repos/bcjordan/fly-admin|1
https://api.github.com/repos/bcjordan/frame-loop|3
https://api.github.com/repos/bcjordan/Functional-Ruby|3
https://api.github.com/repos/bcjordan/game-upload-server|3
https://api.github.com/repos/bcjordan/GameLabs|3
https://api.github.com/repos/bcjordan/geckos.io|1
https://api.github.com/repos/bcjordan/gemini-demos|1
https://api.github.com/repos/bcjordan/generator-chromeapp|1
https://api.github.com/repos/bcjordan/Gesture-and-Animation-Demo|3
https://api.github.com/repos/bcjordan/gifgame|3
https://api.github.com/repos/bcjordan/gifplugin|3
https://api.github.com/repos/bcjordan/gifsearch|3
https://api.github.com/repos/bcjordan/gifurl|3
https://api.github.com/repos/bcjordan/gifurl2|3
https://api.github.com/repos/bcjordan/gifwhacking|3
https://api.github.com/repos/bcjordan/gke-ml-serving|3
https://api.github.com/repos/bcjordan/gravity|3
https://api.github.com/repos/bcjordan/GroundKontrol|1
https://api.github.com/repos/bcjordan/grunt-contrib-uglify|1
https://api.github.com/repos/bcjordan/IAP-Web-Programming|3
https://api.github.com/repos/bcjordan/inform7-game|3
https://api.github.com/repos/bcjordan/InlineAttachment|3
https://api.github.com/repos/bcjordan/intellij-community|3
https://api.github.com/repos/bcjordan/InTune|1
https://api.github.com/repos/bcjordan/ios-pro-camera|3
https://api.github.com/repos/bcjordan/ios-soundboard|3
https://api.github.com/repos/bcjordan/iOS-Yelp-Swift-client|3
https://api.github.com/repos/bcjordan/j5-chrome|1
https://api.github.com/repos/bcjordan/jekyll-vite|1
https://api.github.com/repos/bcjordan/johnny-five|1
https://api.github.com/repos/bcjordan/johnny-five-browserify|1
https://api.github.com/repos/bcjordan/johnny-five-webpack|1
https://api.github.com/repos/bcjordan/jquery-details|3
https://api.github.com/repos/bcjordan/jquery.serializeJSON|3
https://api.github.com/repos/bcjordan/jsdoc3.github.com|3
https://api.github.com/repos/bcjordan/keytask|3
https://api.github.com/repos/bcjordan/knox|3
https://api.github.com/repos/bcjordan/lcthw|3
https://api.github.com/repos/bcjordan/lesswrong-print|3
https://api.github.com/repos/bcjordan/MBTA-API|3
https://api.github.com/repos/bcjordan/michael.penkov.id.au|3
https://api.github.com/repos/bcjordan/ml5-library|1
https://api.github.com/repos/bcjordan/ml5-website|1
https://api.github.com/repos/bcjordan/multiplayer-relative-position-tracker|3
https://api.github.com/repos/bcjordan/National-Historic-Places|3
https://api.github.com/repos/bcjordan/nextjs-billing|1
https://api.github.com/repos/bcjordan/node-datachannel|1
https://api.github.com/repos/bcjordan/nodejs-spanner|1
https://api.github.com/repos/bcjordan/parallel_tests|1
https://api.github.com/repos/bcjordan/partykit-nextjs-chat-template|1
https://api.github.com/repos/bcjordan/phaser-grunt-boilerplate|1
https://api.github.com/repos/bcjordan/phaser-plus-template|1
https://api.github.com/repos/bcjordan/pix2pix-tensorflow|1
https://api.github.com/repos/bcjordan/planebrawlio|3
https://api.github.com/repos/bcjordan/PlayFabGameServer|1
https://api.github.com/repos/bcjordan/playground-io|1
https://api.github.com/repos/bcjordan/Playing-with-JSPM|3
https://api.github.com/repos/bcjordan/Practice-Code|3
https://api.github.com/repos/bcjordan/practice-problems|3
https://api.github.com/repos/bcjordan/productize|3
https://api.github.com/repos/bcjordan/protocol|1
https://api.github.com/repos/bcjordan/PuzzleNode|3
https://api.github.com/repos/bcjordan/python|3
https://api.github.com/repos/bcjordan/quadcopter-opencv|3
https://api.github.com/repos/bcjordan/rails|3
https://api.github.com/repos/bcjordan/random.jpg|3
https://api.github.com/repos/bcjordan/Reddit-Machine-Learning|3
https://api.github.com/repos/bcjordan/redruby|3
https://api.github.com/repos/bcjordan/Reginald-Expressman|3
https://api.github.com/repos/bcjordan/rollcats|3
https://api.github.com/repos/bcjordan/rottentomatoes-api-swift|3
https://api.github.com/repos/bcjordan/rough|1
https://api.github.com/repos/bcjordan/Ruby-Algorithms|3
https://api.github.com/repos/bcjordan/ruby-bits|3
https://api.github.com/repos/bcjordan/ruby-selenium-webdriver|1
https://api.github.com/repos/bcjordan/Scheme-and-ML|3
https://api.github.com/repos/bcjordan/scratch|3
https://api.github.com/repos/bcjordan/screenshot-diff-api|3
https://api.github.com/repos/bcjordan/Search-Box-Inference|3
https://api.github.com/repos/bcjordan/sequences|3
https://api.github.com/repos/bcjordan/serwebproxy|1
https://api.github.com/repos/bcjordan/shell-scripts|1
https://api.github.com/repos/bcjordan/Simple-Swift-Spaceship-Game|3
https://api.github.com/repos/bcjordan/sprayplay|3
https://api.github.com/repos/bcjordan/stability-sdk|1
https://api.github.com/repos/bcjordan/strangeioc|3
https://api.github.com/repos/bcjordan/Swift-Facebook-SDK|3
https://api.github.com/repos/bcjordan/swift-tip-calculator|3
https://api.github.com/repos/bcjordan/Swift-Twitter-Client|3
https://api.github.com/repos/bcjordan/SwiftDynamicsSnowDemo|3
https://api.github.com/repos/bcjordan/SYTYK|3
https://api.github.com/repos/bcjordan/tfc-guide-example|1
https://api.github.com/repos/bcjordan/til|3
https://api.github.com/repos/bcjordan/tinkerbird|1
https://api.github.com/repos/bcjordan/tmux-intro|3
https://api.github.com/repos/bcjordan/Type-Lambda|3
https://api.github.com/repos/bcjordan/uikit|1
https://api.github.com/repos/bcjordan/unity3d-ci-example|1
https://api.github.com/repos/bcjordan/UnitySDK|1
https://api.github.com/repos/bcjordan/Video-Tuneup|3
https://api.github.com/repos/bcjordan/video.js|3
https://api.github.com/repos/bcjordan/VisualEditor|1
https://api.github.com/repos/bcjordan/web|3
https://api.github.com/repos/bcjordan/webusb-serial|1
https://api.github.com/repos/bcjordan/whatthediff|3
https://api.github.com/repos/bcjordan/WTFSIGFMD|3
https://api.github.com/repos/TrustTheVote-Project/ElectionManager|1
https://api.github.com/repos/TrustTheVote-Project/converter|1
https://api.github.com/repos/teddywing/video-tuneup-stewardess|1
https://api.github.com/repos/criticalham/sifteogamejam|1
https://api.github.com/repos/gjuggler/phylowidget|1
https://api.github.com/repos/brandonbloom/dashboard|1
https://api.github.com/repos/nanan9177/dashboard|1
https://api.github.com/repos/codingforinterviews/practice-problems|1
https://api.github.com/repos/code-dot-org/omniauth-clever|1
https://api.github.com/repos/thoughtbot/til|1
https://api.github.com/repos/z-hao-wang/ios-pro-camera|1
https://api.github.com/repos/JonathanGrant/AppleWatchTest|1
https://api.github.com/repos/ct2034/dockeROS|1
https://api.github.com/repos/lazerwalker/GroundKontrol|1
https://api.github.com/repos/mitmedialab/prg-scratch-gui|1
https://api.github.com/repos/TylerGlaiel/gpt_batch_eval|3
https://api.github.com/repos/Stevepyl/aliyundrive-webdav|1
https://api.github.com/repos/Stevepyl/cmu15-445|3
https://api.github.com/repos/Stevepyl/cs106l|3
https://api.github.com/repos/Stevepyl/cs106l-assignments|1
https://api.github.com/repos/Stevepyl/DesginPattern|1
https://api.github.com/repos/Stevepyl/DesignCodeLearning|3
https://api.github.com/repos/Stevepyl/HANet|1
https://api.github.com/repos/Stevepyl/IoT_Mqtt|1
https://api.github.com/repos/Stevepyl/Linux-kernel-analysis|1
https://api.github.com/repos/Stevepyl/nideshop-mini-program|1
https://api.github.com/repos/Stevepyl/Shopping-tongji|1
https://api.github.com/repos/Stevepyl/study_ml|3
https://api.github.com/repos/Stevepyl/TJ-ExpManagment|3
https://api.github.com/repos/Stevepyl/Tj-NetShop|3
https://api.github.com/repos/Stevepyl/Tj-vueExp|3
https://api.github.com/repos/Stevepyl/Virtual-Simulation-Experiment|1
https://api.github.com/repos/Stevepyl/WSDM_BlackPearl|1
https://api.github.com/repos/karlsbeard/fduer-manual|1
https://api.github.com/repos/HKUSTDial/NL2SQL_Handbook|1
https://api.github.com/repos/Hackl0us/GeoIP2-CN|1
https://api.github.com/repos/jeremy-rifkin/cpptrace|1
https://api.github.com/repos/Gkbinqi/CS106L|1
https://api.github.com/repos/ant-design/x|1
https://api.github.com/repos/GitHamza0206/simba|1
https://api.github.com/repos/adilsammar/detr-fine|1
https://api.github.com/repos/facebookresearch/detr|1
https://api.github.com/repos/Kiln-AI/Kiln|1
https://api.github.com/repos/Jiayi-Pan/TinyZero|1
https://api.github.com/repos/google-research/timesfm|1
https://api.github.com/repos/NJU-PCALab/STAR|1
https://api.github.com/repos/vinceliuice/Lavanda-gtk-theme|1
https://api.github.com/repos/XiaoMi/ha_xiaomi_home|1
https://api.github.com/repos/Byaidu/PDFMathTranslate|1
https://api.github.com/repos/chenh96/yahei-sarasa|1
https://api.github.com/repos/actuallymentor/battery|1
https://api.github.com/repos/nilsherzig/LLocalSearch|1
https://api.github.com/repos/makeplane/plane|1
https://api.github.com/repos/copilot-is/copilot.is|1
https://api.github.com/repos/zhixingxiaoke/react-hands-on-tutorial-for-beginners|1
https://api.github.com/repos/sigoden/aichat|1
https://api.github.com/repos/datawhalechina/self-llm|1
https://api.github.com/repos/Coding-Crashkurse/Langchain-Production-Project|1
https://api.github.com/repos/madhava20217/LLMs-for-SRS-Prompts|1
https://api.github.com/repos/AryaStark13/Synap-Labs|1
https://api.github.com/repos/fastapi/full-stack-fastapi-template|1
https://api.github.com/repos/langchain-ai/langchain-nextjs-template|1
https://api.github.com/repos/BCG-X-Official/agentkit|1
https://api.github.com/repos/JasonWei512/EnergyStarX|1
https://api.github.com/repos/casibase/casibase|1
https://api.github.com/repos/febobo/web-interview|1
https://api.github.com/repos/Loyalsoldier/clash-rules|1
https://api.github.com/repos/wenjunBZ/RushForOffer|1
https://api.github.com/repos/ddgksf2013/ddgksf2013|1
https://api.github.com/repos/qaz624824554/blog|1
https://api.github.com/repos/ReaVNaiL/New-Grad-2024|1
https://api.github.com/repos/MQN-80/eyedetect|1
https://api.github.com/repos/adamsol/ThreeStudio|1
https://api.github.com/repos/MQN-80/threejs3D-|1
https://api.github.com/repos/TJ-CSCCG/tongji-undergrad-thesis|1
https://api.github.com/repos/Ultrasty/Software-Project-and-Process-Management|1
https://api.github.com/repos/LTZDLY/SimpleVoiceAssistant|1
https://api.github.com/repos/PlusOneZ/Sound-Quality-HCI|1
https://api.github.com/repos/aaranxu/chinese-copywriting-guidelines|1
https://api.github.com/repos/Johnshall/Shadowrocket-ADBlock-Rules-Forever|1
https://api.github.com/repos/vvvviolet/Virtual-Simulation-Experiment|1
https://api.github.com/repos/binary-husky/gpt_academic|1
https://api.github.com/repos/byoungd/English-level-up-tips|1
https://api.github.com/repos/MLNLP-World/AI-Paper-Collector|1
https://api.github.com/repos/wong2/chatgpt-google-extension|1
https://api.github.com/repos/tongji-TTT/2021ComputerNetWork|1
https://api.github.com/repos/5-49/COVID-19VisualAnalysis|1
https://api.github.com/repos/Zhaobaba918/HCI|1
https://api.github.com/repos/MountPOTATO/Software-Engineering-Notes|1
https://api.github.com/repos/noah-nuebling/mac-mouse-fix|1
https://api.github.com/repos/lidangzzz/How-to-run|1
https://api.github.com/repos/go-sonic/sonic|1
https://api.github.com/repos/doubleZ0108/TJ-Graduation-Project-2021|1
https://api.github.com/repos/CodeEditApp/CodeEdit|1
https://api.github.com/repos/yonaskolb/XcodeGen|1
https://api.github.com/repos/screego/server|1
https://api.github.com/repos/SvenTiigi/WhatsNewKit|1
https://api.github.com/repos/leecobaby/shortcuts|1
https://api.github.com/repos/The-Run-Philosophy-Organization/run|1
https://api.github.com/repos/tumobi/nideshop-mini-program|1
https://api.github.com/repos/Anduin2017/HowToCook|1
https://api.github.com/repos/messense/aliyundrive-webdav|1
https://api.github.com/repos/MrWillCom/hexo-theme-cupertino|1
https://api.github.com/repos/geekcompany/ResumeSample|1
https://api.github.com/repos/D0n9X1n/hexo-blog-encrypt|1
https://api.github.com/repos/fmtlib/fmt|1
https://api.github.com/repos/air-verse/air|1
https://api.github.com/repos/sivan/heti|1
https://api.github.com/repos/rizinorg/cutter|1
https://api.github.com/repos/kingyiusuen/image-to-latex|1
https://api.github.com/repos/turms-im/turms|1
https://api.github.com/repos/bytedance/monoio|1
https://api.github.com/repos/microsoft/ML-For-Beginners|1
https://api.github.com/repos/RustPython/RustPython|1
https://api.github.com/repos/Exely/CSAPP-Labs|1
https://api.github.com/repos/rmcelreath/stat_rethinking_2022|1
https://api.github.com/repos/nuta/kerla|1
https://api.github.com/repos/zhaoolee/pi|1
https://api.github.com/repos/rust-embedded/rust-raspberrypi-OS-tutorials|1
https://api.github.com/repos/cobaltdisco/Google-Chinese-Results-Blocklist|1
https://api.github.com/repos/ihciah/clean-dns-bpf|1
https://api.github.com/repos/peng-zhihui/HoloCubic|1
https://api.github.com/repos/codic12/worm|1
https://api.github.com/repos/telegramdesktop/tdesktop|1
https://api.github.com/repos/rust-osdev/bootimage|1
https://api.github.com/repos/qinguoyi/TinyWebServer|1
https://api.github.com/repos/xavier-cai/vscode-leetcode-cpp-debug|1
https://api.github.com/repos/im3x/Scriptables|1
https://api.github.com/repos/mozilla-mobile/firefox-ios|1
https://api.github.com/repos/zhiiwg/Awesome-Linux-Software-zh_CN|1
https://api.github.com/repos/dndx/phantun|1
https://api.github.com/repos/ruanyf/weekly|1
https://api.github.com/repos/0voice/Understanding_in_Rust|1
https://api.github.com/repos/zu1k/translator|1
https://api.github.com/repos/alacritty/alacritty|1
https://api.github.com/repos/woai3c/nand2tetris|1
https://api.github.com/repos/xjbeta/iina-plus|1
https://api.github.com/repos/neozhaoliang/pywonderland|1
https://api.github.com/repos/ASoulCnki/ASoulCnki|1
https://api.github.com/repos/tvillarete/ipod-classic-js|1
https://api.github.com/repos/fengwang/ceras|1
https://api.github.com/repos/halfer53/winix|1
https://api.github.com/repos/trimstray/the-book-of-secret-knowledge|1
https://api.github.com/repos/tapehq/tape-cli|1
https://api.github.com/repos/concrete-utopia/utopia|1
https://api.github.com/repos/algorithm-visualizer/algorithm-visualizer|1
https://api.github.com/repos/six-ddc/plow|1
https://api.github.com/repos/SmartKeyerror/Psyduck|1
https://api.github.com/repos/monyhar/monyhar|1
https://api.github.com/repos/rosuH/EasyWatermark|1
https://api.github.com/repos/meilisearch/meilisearch|1
https://api.github.com/repos/osquery/osquery|1
https://api.github.com/repos/google/leveldb|1
https://api.github.com/repos/ericniebler/range-v3|1
https://api.github.com/repos/facebook/folly|1
https://api.github.com/repos/yanyiwu/cppjieba|1
https://api.github.com/repos/douban/libmc|1
https://api.github.com/repos/bitemyapp/learnhaskell|1
https://api.github.com/repos/microsoft/winget-cli|1
https://api.github.com/repos/GrowingGit/GitHub-Chinese-Top-Charts|1
https://api.github.com/repos/tuna/thuthesis|1
https://api.github.com/repos/wting/autojump|1
https://api.github.com/repos/Dimillian/RedditOS|1
https://api.github.com/repos/sse2018-makyek-fun/about|1
https://api.github.com/repos/QSCTech/zju-icicles|1
https://api.github.com/repos/Trinkle23897/Undergraduate|1
https://api.github.com/repos/tpoechtrager/osxcross|1
https://api.github.com/repos/microsoft/STL|1
https://api.github.com/repos/rebecca-vickery/data-science-learning-resources|1
https://api.github.com/repos/iptv-org/iptv|1
https://api.github.com/repos/archlinux/archinstall|1
https://api.github.com/repos/PlummersSoftwareLLC/Primes|1
https://api.github.com/repos/microsoft/terminal|1
https://api.github.com/repos/elrumo/macOS_Big_Sur_icons_replacements|1
https://api.github.com/repos/ppoffice/hexo-theme-icarus|1
https://api.github.com/repos/JarenChow/JMind|1
https://api.github.com/repos/tinkerun/tinkerun|1
https://api.github.com/repos/dairongpeng/algorithm-note|1
https://api.github.com/repos/igorkulman/ChangeMenuBarColor|1
https://api.github.com/repos/google/styleguide|1
https://api.github.com/repos/PKUanonym/REKCARC-TSC-UHT|1
https://api.github.com/repos/szclsya/blog|1
https://api.github.com/repos/mikelxc/Workarounds-for-ARM-mac|1
https://api.github.com/repos/Snailclimb/JavaGuide|1
https://api.github.com/repos/zhimingshenjun/DD_Monitor|1
https://api.github.com/repos/mbadolato/iTerm2-Color-Schemes|1
https://api.github.com/repos/zsh-users/zsh-autosuggestions|1
https://api.github.com/repos/git/git|1
https://api.github.com/repos/zsh-users/zsh-syntax-highlighting|1
https://api.github.com/repos/spaceship-prompt/spaceship-prompt|1
https://api.github.com/repos/RealKai42/qwerty-learner-vscode|1
https://api.github.com/repos/deltachat/deltachat-desktop|1
https://api.github.com/repos/serhii-londar/open-source-mac-os-apps|1
https://api.github.com/repos/jaywcjlove/awesome-mac|1
https://api.github.com/repos/Genymobile/scrcpy|1
https://api.github.com/repos/FlaxEngine/FlaxEngine|1
https://api.github.com/repos/scutan90/DeepLearning-500-questions|1
https://api.github.com/repos/doubleZ0108/Art-of-CSS|1
https://api.github.com/repos/Caldis/Mos|1
https://api.github.com/repos/xuya227939/blog|1
https://api.github.com/repos/zhouii/WHJY|1
https://api.github.com/repos/g6ai/dotfiles|1
https://api.github.com/repos/PragmaTwice/protopuf|1
https://api.github.com/repos/iCharlesZ/vscode-live2d|1
https://api.github.com/repos/imbushuo/mac-precision-touchpad|1
https://api.github.com/repos/cyrildiagne/ar-cutpaste|1
https://api.github.com/repos/salanki/amplitude-proxy|1
https://api.github.com/repos/salanki/ar-cutpaste|1
https://api.github.com/repos/salanki/charts|1
https://api.github.com/repos/salanki/charts-1|1
https://api.github.com/repos/salanki/charts-2|1
https://api.github.com/repos/salanki/cloud-init|1
https://api.github.com/repos/salanki/compose|1
https://api.github.com/repos/salanki/confd|1
https://api.github.com/repos/salanki/configgy|1
https://api.github.com/repos/salanki/determined|1
https://api.github.com/repos/salanki/docker-nfs-ganesha|1
https://api.github.com/repos/salanki/docker-nghttp2|1
https://api.github.com/repos/salanki/docker-volume-container-rsync|1
https://api.github.com/repos/salanki/EIPs|1
https://api.github.com/repos/salanki/filebrowser|1
https://api.github.com/repos/salanki/fluent-plugin-network-probe|1
https://api.github.com/repos/salanki/gitwatch|1
https://api.github.com/repos/salanki/gpt-neox|1
https://api.github.com/repos/salanki/helm-charts|1
https://api.github.com/repos/salanki/HTTPClient|1
https://api.github.com/repos/salanki/influxdb-python|1
https://api.github.com/repos/salanki/influxdb.org|1
https://api.github.com/repos/salanki/internal-acls|1
https://api.github.com/repos/salanki/kea-hook-runscript|1
https://api.github.com/repos/salanki/kea-mqtt-netbox|1
https://api.github.com/repos/salanki/kea-subscriberid-reservation|1
https://api.github.com/repos/salanki/kevo-mqtt|1
https://api.github.com/repos/salanki/kubernetes-ftp|1
https://api.github.com/repos/salanki/kubevirt|1
https://api.github.com/repos/salanki/kubevirt-gpu-device-plugin|1
https://api.github.com/repos/salanki/libsalank|1
https://api.github.com/repos/salanki/meetme-newrelic-docker|1
https://api.github.com/repos/salanki/mpi-operator|1
https://api.github.com/repos/salanki/nello-mqtt|1
https://api.github.com/repos/salanki/netbox-auto|1
https://api.github.com/repos/salanki/newrelic-agent|1
https://api.github.com/repos/salanki/newrelic_sidekiq_agent|1
https://api.github.com/repos/salanki/nghttp2|1
https://api.github.com/repos/salanki/open-ethereum-pool|1
https://api.github.com/repos/salanki/org.openhab.binding.heos|1
https://api.github.com/repos/salanki/plapi-docker|1
https://api.github.com/repos/salanki/react-native|1
https://api.github.com/repos/salanki/react-native-http-cache|1
https://api.github.com/repos/salanki/react-native-image-progress|1
https://api.github.com/repos/salanki/rfidlock|1
https://api.github.com/repos/salanki/sbt-legacy|1
https://api.github.com/repos/salanki/server-bootstrap|1
https://api.github.com/repos/salanki/skyline|1
https://api.github.com/repos/salanki/slurm|1
https://api.github.com/repos/salanki/stability-sdk|1
https://api.github.com/repos/salanki/tf-benchmark-gpu|1
https://api.github.com/repos/salanki/unifi-mqtt|1
https://api.github.com/repos/salanki/upsscala|1
https://api.github.com/repos/salanki/vcluster|1
https://api.github.com/repos/orbiternassp/NASSP|1
https://api.github.com/repos/kubernetes-sigs/node-feature-discovery|1
https://api.github.com/repos/coreweave/tensorizer|1
https://api.github.com/repos/coreweave/kubernetes-cloud|1
https://api.github.com/repos/loft-sh/vcluster|1
https://api.github.com/repos/CentML/DeepView.Profile|1
https://api.github.com/repos/coreweave/nccl-tests|1
https://api.github.com/repos/armadaproject/armada|1
https://api.github.com/repos/Mellanox/nccl-rdma-sharp-plugins|1
https://api.github.com/repos/lxc/lxcfs|1
https://api.github.com/repos/kcp-dev/kcp|1
https://api.github.com/repos/PullRequestInc/go-gpt3|1
https://api.github.com/repos/BooleanCat/go-functional|1
https://api.github.com/repos/jakejarvis/datacenter-speed-tests|1
https://api.github.com/repos/aenix-io/kubernetes-in-kubernetes|1
https://api.github.com/repos/selkies-project/selkies-examples|1
https://api.github.com/repos/selkies-project/selkies-vdi|1
https://api.github.com/repos/kubeovn/kube-ovn|1
https://api.github.com/repos/projectcalico/vpp-dataplane|1
